{
"AN": {
"N": "sanford speaker",
"SN": "!master",
"TL": {
"L": [
{
"LN": "Layer_1",
"FR": [
{
"I": 0,
"DU": 1,
"E": [
{
"SI": {
"SN": "idleLeft",
"IN": "",
"ST": "MC",
"TRP": {
"x": 287.40000000000006,
"y": 261.90000000000006
},
"M3D": [
1.0,
0.0,
0.0,
0.0,
0.0,
1.0,
0.0,
0.0,
0.0,
0.0,
1.0,
0.0,
-308.4,
-232.3,
0.0,
1.0
]
}
},
{
"SI": {
"SN": "idleRight",
"IN": "",
"ST": "MC",
"TRP": {
"x": 287.40000000000006,
"y": 269.75
},
"M3D": [
1.0,
0.0,
0.0,
0.0,
0.0,
1.0,
0.0,
0.0,
0.0,
0.0,
1.0,
0.0,
-308.4,
-232.3,
0.0,
1.0
]
}
},
{
"SI": {
"SN": "hey",
"IN": "",
"ST": "MC",
"TRP": {
"x": 296.40000000000006,
"y": 254.35
},
"M3D": [
1.0,
0.0,
0.0,
0.0,
0.0,
1.0,
0.0,
0.0,
0.0,
0.0,
1.0,
0.0,
-308.4,
-232.3,
0.0,
1.0
]
}
}
]
}
]
}
]
}
},
"SD": {
"S": [
{
"SN": "idleLeft",
"TL": {
"L": [
{
"LN": "sanford_phone_hand",
"FR": [
{
"I": 0,
"DU": 2,
"E": [
{
"SI": {
"SN": "sanford phone hand",
"IN": "",
"ST": "MC",
"TRP": {
"x": 49.15,
"y": 93.45
},
"M3D": [
1.01348876953125,
0.1862640380859375,
0.0,
0.0,
-0.1862640380859375,
1.01348876953125,
0.0,
0.0,
0.0,
0.0,
1.0,
0.0,
434.55,
301.3,
0.0,
1.0
]
}
}
]
},
{
"I": 2,
"DU": 2,
"E": [
{
"SI": {
"SN": "sanford phone hand",
"IN": "",
"ST": "MC",
"TRP": {
"x": 49.2,
"y": 93.45
},
"M3D": [
1.0025634765625,
0.2382049560546875,
0.0,
0.0,
-0.2382049560546875,
1.0025634765625,
0.0,
0.0,
0.0,
0.0,
1.0,
0.0,
433.95,
300.75,
0.0,
1.0
]
}
}
]
},
{
"I": 4,
"DU": 2,
"E": [
{
"SI": {
"SN": "sanford phone hand",
"IN": "",
"ST": "MC",
"TRP": {
"x": 49.25,
"y": 93.45
},
"M3D": [
0.98895263671875,
0.28948974609375,
0.0,
0.0,
-0.28948974609375,
0.98895263671875,
0.0,
0.0,
0.0,
0.0,
1.0,
0.0,
435.4,
295.45,
0.0,
1.0
]
}
}
]
},
{
"I": 6,
"DU": 2,
"E": [
{
"SI": {
"SN": "sanford phone hand",
"IN": "",
"ST": "MC",
"TRP": {
"x": 49.300000000000007,
"y": 93.55
},
"M3D": [
1.007568359375,
0.21588134765625,
0.0,
0.0,
-0.21588134765625,
1.007568359375,
0.0,
0.0,
0.0,
0.0,
1.0,
0.0,
432.6,
288.3,
0.0,
1.0
]
}
}
]
},
{
"I": 8,
"DU": 2,
"E": [
{
"SI": {
"SN": "sanford phone hand",
"IN": "",
"ST": "MC",
"TRP": {
"x": 49.35,
"y": 93.55
},
"M3D": [
1.0235443115234376,
0.11907958984375,
0.0,
0.0,
-0.11907958984375,
1.0235443115234376,
0.0,
0.0,
0.0,
0.0,
1.0,
0.0,
430.75,
285.6,
0.0,
1.0
]
}
}
]
},
{
"I": 10,
"DU": 6,
"E": [
{
"SI": {
"SN": "sanford phone hand",
"IN": "",
"ST": "MC",
"TRP": {
"x": 49.35,
"y": 93.60000000000001
},
"M3D": [
1.025848388671875,
0.0971527099609375,
0.0,
0.0,
-0.0971527099609375,
1.025848388671875,
0.0,
0.0,
0.0,
0.0,
1.0,
0.0,
429.55,
285.45,
0.0,
1.0
]
}
}
]
},
{
"I": 16,
"DU": 2,
"E": [
{
"SI": {
"SN": "sanford phone hand",
"IN": "",
"ST": "MC",
"TRP": {
"x": 49.1,
"y": 93.4
},
"M3D": [
1.0268707275390626,
-0.0859527587890625,
0.0,
0.0,
0.0859527587890625,
1.0268707275390626,
0.0,
0.0,
0.0,
0.0,
1.0,
0.0,
408.45,
311.4,
0.0,
1.0
]
}
}
]
}
]
},
{
"LN": "Sanford_head",
"FR": [
{
"I": 0,
"DU": 2,
"E": [
{
"SI": {
"SN": "Sanford head",
"IN": "",
"ST": "MC",
"TRP": {
"x": 130.3,
"y": 221.35
},
"M3D": [
0.986297607421875,
-0.1649627685546875,
0.0,
0.0,
0.1649627685546875,
0.986297607421875,
0.0,
0.0,
0.0,
0.0,
1.0,
0.0,
130.4,
26.5,
0.0,
1.0
]
}
}
]
},
{
"I": 2,
"DU": 2,
"E": [
{
"SI": {
"SN": "Sanford head",
"IN": "",
"ST": "MC",
"TRP": {
"x": 130.35,
"y": 221.35
},
"M3D": [
0.9832611083984375,
-0.18212890625,
0.0,
0.0,
0.18212890625,
0.9832611083984375,
0.0,
0.0,
0.0,
0.0,
1.0,
0.0,
128.0,
31.45,
0.0,
1.0
]
}
}
]
},
{
"I": 4,
"DU": 2,
"E": [
{
"SI": {
"SN": "Sanford head",
"IN": "",
"ST": "MC",
"TRP": {
"x": 130.45,
"y": 221.4
},
"M3D": [
0.980926513671875,
-0.1942596435546875,
0.0,
0.0,
0.1942596435546875,
0.980926513671875,
0.0,
0.0,
0.0,
0.0,
1.0,
0.0,
132.6,
34.55,
0.0,
1.0
]
}
}
]
},
{
"I": 6,
"DU": 2,
"E": [
{
"SI": {
"SN": "Sanford head",
"IN": "",
"ST": "MC",
"TRP": {
"x": 130.45,
"y": 221.4
},
"M3D": [
0.9705810546875,
-0.240631103515625,
0.0,
0.0,
0.240631103515625,
0.9705810546875,
0.0,
0.0,
0.0,
0.0,
1.0,
0.0,
135.7,
33.9,
0.0,
1.0
]
}
}
]
},
{
"I": 8,
"DU": 2,
"E": [
{
"SI": {
"SN": "Sanford head",
"IN": "",
"ST": "MC",
"TRP": {
"x": 130.5,
"y": 221.35
},
"M3D": [
0.9996185302734375,
-0.0258026123046875,
0.0,
0.0,
0.0258026123046875,
0.9996185302734375,
0.0,
0.0,
0.0,
0.0,
1.0,
0.0,
179.5,
2.5,
0.0,
1.0
]
}
}
]
},
{
"I": 10,
"DU": 1,
"E": [
{
"SI": {
"SN": "Sanford head",
"IN": "",
"ST": "MC",
"TRP": {
"x": 130.25,
"y": 221.3
},
"M3D": [
1.0,
0.0,
0.0,
0.0,
0.0,
1.0,
0.0,
0.0,
0.0,
0.0,
1.0,
0.0,
186.15,
0.0,
0.0,
1.0
]
}
}
]
},
{
"I": 11,
"DU": 5,
"E": [
{
"SI": {
"SN": "Sanford head",
"IN": "",
"ST": "MC",
"TRP": {
"x": 130.3,
"y": 221.25
},
"M3D": [
0.9999237060546875,
0.0123443603515625,
0.0,
0.0,
-0.0123443603515625,
0.9999237060546875,
0.0,
0.0,
0.0,
0.0,
1.0,
0.0,
189.9,
-1.55,
0.0,
1.0
]
}
}
]
},
{
"I": 16,
"DU": 2,
"E": [
{
"SI": {
"SN": "Sanford head",
"IN": "",
"ST": "MC",
"TRP": {
"x": 130.3,
"y": 221.25
},
"M3D": [
0.99871826171875,
0.0505828857421875,
0.0,
0.0,
-0.0505828857421875,
0.99871826171875,
0.0,
0.0,
0.0,
0.0,
1.0,
0.0,
205.5,
-3.2,
0.0,
1.0
]
}
}
]
}
]
},
{
"LN": "sanford_idlebod",
"FR": [
{
"I": 0,
"DU": 2,
"E": [
{
"SI": {
"SN": "sanford idlebod",
"IN": "",
"ST": "MC",
"TRP": {
"x": 170.20000000000003,
"y": 182.4
},
"M3D": [
0.934295654296875,
0.0,
0.0,
0.0,
0.0454254150390625,
0.963348388671875,
0.0,
0.0,
0.0,
0.0,
1.0,
0.0,
128.6,
189.65,
0.0,
1.0
]
}
}
]
},
{
"I": 2,
"DU": 2,
"E": [
{
"SI": {
"SN": "sanford idlebod",
"IN": "",
"ST": "MC",
"TRP": {
"x": 170.20000000000003,
"y": 182.4
},
"M3D": [
0.934295654296875,
0.0,
0.0,
0.0,
0.036529541015625,
0.963348388671875,
0.0,
0.0,
0.0,
0.0,
1.0,
0.0,
131.85,
189.65,
0.0,
1.0
]
}
}
]
},
{
"I": 4,
"DU": 2,
"E": [
{
"SI": {
"SN": "sanford idlebod",
"IN": "",
"ST": "MC",
"TRP": {
"x": 170.25,
"y": 182.4
},
"M3D": [
0.934295654296875,
0.0,
0.0,
0.0,
0.022430419921875,
0.963348388671875,
0.0,
0.0,
0.0,
0.0,
1.0,
0.0,
137.0,
189.65,
0.0,
1.0
]
}
}
]
},
{
"I": 6,
"DU": 2,
"E": [
{
"SI": {
"SN": "sanford idlebod",
"IN": "",
"ST": "MC",
"TRP": {
"x": 170.35,
"y": 182.4
},
"M3D": [
0.934295654296875,
0.0,
0.0,
0.0,
0.0032958984375,
0.979705810546875,
0.0,
0.0,
0.0,
0.0,
1.0,
0.0,
144.0,
183.65,
0.0,
1.0
]
}
}
]
},
{
"I": 8,
"DU": 2,
"E": [
{
"SI": {
"SN": "sanford idlebod",
"IN": "",
"ST": "MC",
"TRP": {
"x": 170.3,
"y": 182.4
},
"M3D": [
0.934295654296875,
0.0,
0.0,
0.0,
-0.0050811767578125,
0.979705810546875,
0.0,
0.0,
0.0,
0.0,
1.0,
0.0,
147.05,
183.65,
0.0,
1.0
]
}
}
]
},
{
"I": 10,
"DU": 6,
"E": [
{
"SI": {
"SN": "sanford idlebod",
"IN": "",
"ST": "MC",
"TRP": {
"x": 170.35,
"y": 182.4
},
"M3D": [
0.934295654296875,
0.0,
0.0,
0.0,
-0.0131988525390625,
0.979705810546875,
0.0,
0.0,
0.0,
0.0,
1.0,
0.0,
150.0,
183.65,
0.0,
1.0
]
}
}
]
},
{
"I": 16,
"DU": 2,
"E": [
{
"SI": {
"SN": "sanford idlebod",
"IN": "",
"ST": "MC",
"TRP": {
"x": 170.3,
"y": 182.4
},
"M3D": [
0.934295654296875,
0.0,
0.0,
0.0,
-0.0374298095703125,
0.979705810546875,
0.0,
0.0,
0.0,
0.0,
1.0,
0.0,
158.85,
183.65,
0.0,
1.0
]
}
}
]
}
]
},
{
"LN": "sanford_holding_meathook",
"FR": [
{
"I": 0,
"DU": 2,
"E": [
{
"SI": {
"SN": "sanford holding meathook",
"IN": "",
"ST": "MC",
"TRP": {
"x": 156.4,
"y": 90.2
},
"M3D": [
1.055267333984375,
-0.15191650390625,
0.0,
0.0,
0.15191650390625,
1.055267333984375,
0.0,
0.0,
0.0,
0.0,
1.0,
0.0,
-6.95,
304.45,
0.0,
1.0
]
}
}
]
},
{
"I": 2,
"DU": 2,
"E": [
{
"SI": {
"SN": "sanford holding meathook",
"IN": "",
"ST": "MC",
"TRP": {
"x": 156.35,
"y": 90.2
},
"M3D": [
1.0502777099609376,
-0.1832275390625,
0.0,
0.0,
0.1832275390625,
1.0502777099609376,
0.0,
0.0,
0.0,
0.0,
1.0,
0.0,
-1.95,
307.8,
0.0,
1.0
]
}
}
]
},
{
"I": 4,
"DU": 2,
"E": [
{
"SI": {
"SN": "sanford holding meathook",
"IN": "",
"ST": "MC",
"TRP": {
"x": 156.4,
"y": 90.2
},
"M3D": [
1.0462646484375,
-0.20489501953125,
0.0,
0.0,
0.20489501953125,
1.0462646484375,
0.0,
0.0,
0.0,
0.0,
1.0,
0.0,
2.7,
307.55,
0.0,
1.0
]
}
}
]
},
{
"I": 6,
"DU": 2,
"E": [
{
"SI": {
"SN": "sanford holding meathook",
"IN": "",
"ST": "MC",
"TRP": {
"x": 156.4,
"y": 90.25
},
"M3D": [
1.05120849609375,
-0.1777191162109375,
0.0,
0.0,
0.1777191162109375,
1.05120849609375,
0.0,
0.0,
0.0,
0.0,
1.0,
0.0,
-0.6,
290.85,
0.0,
1.0
]
}
}
]
},
{
"I": 8,
"DU": 2,
"E": [
{
"SI": {
"SN": "sanford holding meathook",
"IN": "",
"ST": "MC",
"TRP": {
"x": 156.35,
"y": 90.30000000000001
},
"M3D": [
1.06365966796875,
-0.0722808837890625,
0.0,
0.0,
0.0722808837890625,
1.06365966796875,
0.0,
0.0,
0.0,
0.0,
1.0,
0.0,
-5.0,
269.25,
0.0,
1.0
]
}
}
]
},
{
"I": 10,
"DU": 2,
"E": [
{
"SI": {
"SN": "sanford holding meathook",
"IN": "",
"ST": "MC",
"TRP": {
"x": 156.35,
"y": 90.30000000000001
},
"M3D": [
1.064697265625,
-0.0546417236328125,
0.0,
0.0,
0.0546417236328125,
1.064697265625,
0.0,
0.0,
0.0,
0.0,
1.0,
0.0,
-4.5,
265.4,
0.0,
1.0
]
}
}
]
},
{
"I": 12,
"DU": 4,
"E": [
{
"SI": {
"SN": "sanford holding meathook",
"IN": "",
"ST": "MC",
"TRP": {
"x": 156.35,
"y": 90.35000000000001
},
"M3D": [
1.065277099609375,
-0.0414886474609375,
0.0,
0.0,
0.0414886474609375,
1.065277099609375,
0.0,
0.0,
0.0,
0.0,
1.0,
0.0,
-5.35,
262.25,
0.0,
1.0
]
}
}
]
},
{
"I": 16,
"DU": 2,
"E": [
{
"SI": {
"SN": "sanford holding meathook",
"IN": "",
"ST": "MC",
"TRP": {
"x": 156.45000000000003,
"y": 90.2
},
"M3D": [
1.066162109375,
0.0,
0.0,
0.0,
0.0,
1.066162109375,
0.0,
0.0,
0.0,
0.0,
1.0,
0.0,
-21.0,
266.7,
0.0,
1.0
]
}
}
]
}
]
}
]
}
},
{
"SN": "sanford phone hand",
"TL": {
"L": [
{
"LN": "Layer_2",
"FR": [
{
"I": 0,
"DU": 1,
"E": [
{
"ASI": {
"N": "0000",
"M3D": [
0.9704132080078125,
0.0,
0.0,
0.0,
0.0,
0.9704132080078125,
0.0,
0.0,
0.0,
0.0,
1.0,
0.0,
-0.95,
-0.95,
0.0,
1.0
]
}
}
]
}
]
}
]
}
},
{
"SN": "Sanford head",
"TL": {
"L": [
{
"LN": "Layer_3",
"FR": [
{
"I": 0,
"DU": 1,
"E": [
{
"ASI": {
"N": "0001",
"M3D": [
0.9999847412109375,
0.0,
0.0,
0.0,
0.0,
0.9999847412109375,
0.0,
0.0,
0.0,
0.0,
1.0,
0.0,
-1.95,
-0.95,
0.0,
1.0
]
}
}
]
}
]
}
]
}
},
{
"SN": "sanford idlebod",
"TL": {
"L": [
{
"LN": "Layer_2",
"FR": [
{
"I": 0,
"DU": 1,
"E": [
{
"ASI": {
"N": "0002",
"M3D": [
1.0,
0.0,
0.0,
0.0,
0.0,
1.0,
0.0,
0.0,
0.0,
0.0,
1.0,
0.0,
-24.0,
-2.0,
0.0,
1.0
]
}
}
]
}
]
}
]
}
},
{
"SN": "sanford holding meathook",
"TL": {
"L": [
{
"LN": "Layer_2",
"FR": [
{
"I": 0,
"DU": 1,
"E": [
{
"ASI": {
"N": "0003",
"M3D": [
0.9379425048828125,
0.0,
0.0,
0.0,
0.0,
0.9379425048828125,
0.0,
0.0,
0.0,
0.0,
1.0,
0.0,
-0.9,
-1.85,
0.0,
1.0
]
}
}
]
}
]
}
]
}
},
{
"SN": "idleRight",
"TL": {
"L": [
{
"LN": "sanford_phone_hand",
"FR": [
{
"I": 0,
"DU": 2,
"E": [
{
"SI": {
"SN": "sanford phone hand",
"IN": "",
"ST": "MC",
"TRP": {
"x": 49.15,
"y": 93.45
},
"M3D": [
1.01348876953125,
0.1862640380859375,
0.0,
0.0,
-0.1862640380859375,
1.01348876953125,
0.0,
0.0,
0.0,
0.0,
1.0,
0.0,
434.55,
301.3,
0.0,
1.0
]
}
}
]
},
{
"I": 2,
"DU": 2,
"E": [
{
"SI": {
"SN": "sanford phone hand",
"IN": "",
"ST": "MC",
"TRP": {
"x": 49.2,
"y": 93.45
},
"M3D": [
1.0025634765625,
0.2382049560546875,
0.0,
0.0,
-0.2382049560546875,
1.0025634765625,
0.0,
0.0,
0.0,
0.0,
1.0,
0.0,
433.95,
300.75,
0.0,
1.0
]
}
}
]
},
{
"I": 4,
"DU": 2,
"E": [
{
"SI": {
"SN": "sanford phone hand",
"IN": "",
"ST": "MC",
"TRP": {
"x": 49.25,
"y": 93.45
},
"M3D": [
0.98895263671875,
0.28948974609375,
0.0,
0.0,
-0.28948974609375,
0.98895263671875,
0.0,
0.0,
0.0,
0.0,
1.0,
0.0,
435.4,
295.45,
0.0,
1.0
]
}
}
]
},
{
"I": 6,
"DU": 2,
"E": [
{
"SI": {
"SN": "sanford phone hand",
"IN": "",
"ST": "MC",
"TRP": {
"x": 49.300000000000007,
"y": 93.55
},
"M3D": [
1.007568359375,
0.21588134765625,
0.0,
0.0,
-0.21588134765625,
1.007568359375,
0.0,
0.0,
0.0,
0.0,
1.0,
0.0,
432.6,
288.3,
0.0,
1.0
]
}
}
]
},
{
"I": 8,
"DU": 2,
"E": [
{
"SI": {
"SN": "sanford phone hand",
"IN": "",
"ST": "MC",
"TRP": {
"x": 49.35,
"y": 93.55
},
"M3D": [
1.0235443115234376,
0.11907958984375,
0.0,
0.0,
-0.11907958984375,
1.0235443115234376,
0.0,
0.0,
0.0,
0.0,
1.0,
0.0,
430.75,
285.6,
0.0,
1.0
]
}
}
]
},
{
"I": 10,
"DU": 6,
"E": [
{
"SI": {
"SN": "sanford phone hand",
"IN": "",
"ST": "MC",
"TRP": {
"x": 49.35,
"y": 93.60000000000001
},
"M3D": [
1.025848388671875,
0.0971527099609375,
0.0,
0.0,
-0.0971527099609375,
1.025848388671875,
0.0,
0.0,
0.0,
0.0,
1.0,
0.0,
429.55,
285.45,
0.0,
1.0
]
}
}
]
},
{
"I": 16,
"DU": 2,
"E": [
{
"SI": {
"SN": "sanford phone hand",
"IN": "",
"ST": "MC",
"TRP": {
"x": 49.1,
"y": 93.4
},
"M3D": [
1.02685546875,
-0.0859527587890625,
0.0,
0.0,
0.0859527587890625,
1.02685546875,
0.0,
0.0,
0.0,
0.0,
1.0,
0.0,
408.45,
311.4,
0.0,
1.0
]
}
}
]
}
]
},
{
"LN": "Sanford_head",
"FR": [
{
"I": 0,
"DU": 2,
"E": [
{
"SI": {
"SN": "Sanford head",
"IN": "",
"ST": "MC",
"TRP": {
"x": 130.3,
"y": 221.25
},
"M3D": [
0.9903411865234375,
0.138641357421875,
0.0,
0.0,
-0.138641357421875,
0.9903411865234375,
0.0,
0.0,
0.0,
0.0,
1.0,
0.0,
239.05,
-0.9,
0.0,
1.0
]
}
}
]
},
{
"I": 2,
"DU": 2,
"E": [
{
"SI": {
"SN": "Sanford head",
"IN": "",
"ST": "MC",
"TRP": {
"x": 130.3,
"y": 221.25
},
"M3D": [
0.98651123046875,
0.16363525390625,
0.0,
0.0,
-0.16363525390625,
0.98651123046875,
0.0,
0.0,
0.0,
0.0,
1.0,
0.0,
240.1,
-0.3,
0.0,
1.0
]
}
}
]
},
{
"I": 4,
"DU": 2,
"E": [
{
"SI": {
"SN": "Sanford head",
"IN": "",
"ST": "MC",
"TRP": {
"x": 130.35,
"y": 221.20000000000003
},
"M3D": [
0.9820404052734375,
0.18853759765625,
0.0,
0.0,
-0.18853759765625,
0.9820404052734375,
0.0,
0.0,
0.0,
0.0,
1.0,
0.0,
238.2,
-3.5,
0.0,
1.0
]
}
}
]
},
{
"I": 6,
"DU": 2,
"E": [
{
"SI": {
"SN": "Sanford head",
"IN": "",
"ST": "MC",
"TRP": {
"x": 130.4,
"y": 221.20000000000003
},
"M3D": [
0.970947265625,
0.239166259765625,
0.0,
0.0,
-0.239166259765625,
0.970947265625,
0.0,
0.0,
0.0,
0.0,
1.0,
0.0,
240.85,
-15.6,
0.0,
1.0
]
}
}
]
},
{
"I": 8,
"DU": 2,
"E": [
{
"SI": {
"SN": "Sanford head",
"IN": "",
"ST": "MC",
"TRP": {
"x": 130.4,
"y": 221.15
},
"M3D": [
0.9963226318359375,
0.0851898193359375,
0.0,
0.0,
-0.0851898193359375,
0.9963226318359375,
0.0,
0.0,
0.0,
0.0,
1.0,
0.0,
193.5,
-5.1,
0.0,
1.0
]
}
}
]
},
{
"I": 10,
"DU": 1,
"E": [
{
"SI": {
"SN": "Sanford head",
"IN": "",
"ST": "MC",
"TRP": {
"x": 130.25,
"y": 221.3
},
"M3D": [
1.0,
0.0,
0.0,
0.0,
0.0,
1.0,
0.0,
0.0,
0.0,
0.0,
1.0,
0.0,
173.15,
1.0,
0.0,
1.0
]
}
}
]
},
{
"I": 11,
"DU": 5,
"E": [
{
"SI": {
"SN": "Sanford head",
"IN": "",
"ST": "MC",
"TRP": {
"x": 130.3,
"y": 221.3
},
"M3D": [
0.999969482421875,
-0.0077972412109375,
0.0,
0.0,
0.0077972412109375,
0.999969482421875,
0.0,
0.0,
0.0,
0.0,
1.0,
0.0,
170.45,
2.05,
0.0,
1.0
]
}
}
]
},
{
"I": 16,
"DU": 2,
"E": [
{
"SI": {
"SN": "Sanford head",
"IN": "",
"ST": "MC",
"TRP": {
"x": 130.35,
"y": 221.35
},
"M3D": [
0.998199462890625,
-0.05987548828125,
0.0,
0.0,
0.05987548828125,
0.998199462890625,
0.0,
0.0,
0.0,
0.0,
1.0,
0.0,
145.15,
10.2,
0.0,
1.0
]
}
}
]
}
]
},
{
"LN": "sanford_idlebod",
"FR": [
{
"I": 0,
"DU": 2,
"E": [
{
"SI": {
"SN": "sanford idlebod",
"IN": "",
"ST": "MC",
"TRP": {
"x": 170.20000000000003,
"y": 182.4
},
"M3D": [
0.934295654296875,
0.0,
0.0,
0.0,
-0.0890655517578125,
0.9444427490234375,
0.0,
0.0,
0.0,
0.0,
1.0,
0.0,
177.8,
196.55,
0.0,
1.0
]
}
}
]
},
{
"I": 2,
"DU": 2,
"E": [
{
"SI": {
"SN": "sanford idlebod",
"IN": "",
"ST": "MC",
"TRP": {
"x": 170.35,
"y": 182.45000000000003
},
"M3D": [
0.934295654296875,
0.0,
0.0,
0.0,
-0.0797119140625,
0.93902587890625,
0.0,
0.0,
0.0,
0.0,
1.0,
0.0,
174.35,
198.5,
0.0,
1.0
]
}
}
]
},
{
"I": 4,
"DU": 2,
"E": [
{
"SI": {
"SN": "sanford idlebod",
"IN": "",
"ST": "MC",
"TRP": {
"x": 170.35,
"y": 182.55
},
"M3D": [
0.934295654296875,
0.0,
0.0,
0.0,
-0.0658721923828125,
0.93902587890625,
0.0,
0.0,
0.0,
0.0,
1.0,
0.0,
169.3,
198.5,
0.0,
1.0
]
}
}
]
},
{
"I": 6,
"DU": 2,
"E": [
{
"SI": {
"SN": "sanford idlebod",
"IN": "",
"ST": "MC",
"TRP": {
"x": 170.60000000000003,
"y": 182.55
},
"M3D": [
0.934295654296875,
0.0,
0.0,
0.0,
-0.0423126220703125,
0.960723876953125,
0.0,
0.0,
0.0,
0.0,
1.0,
0.0,
160.65,
190.55,
0.0,
1.0
]
}
}
]
},
{
"I": 8,
"DU": 2,
"E": [
{
"SI": {
"SN": "sanford idlebod",
"IN": "",
"ST": "MC",
"TRP": {
"x": 170.75,
"y": 182.75
},
"M3D": [
0.934295654296875,
0.0,
0.0,
0.0,
-0.0178985595703125,
0.9661865234375,
0.0,
0.0,
0.0,
0.0,
1.0,
0.0,
151.7,
188.55,
0.0,
1.0
]
}
}
]
},
{
"I": 10,
"DU": 6,
"E": [
{
"SI": {
"SN": "sanford idlebod",
"IN": "",
"ST": "MC",
"TRP": {
"x": 170.15,
"y": 182.35
},
"M3D": [
0.934295654296875,
0.0,
0.0,
0.0,
0.0,
0.9797210693359375,
0.0,
0.0,
0.0,
0.0,
1.0,
0.0,
145.25,
183.65,
0.0,
1.0
]
}
}
]
},
{
"I": 16,
"DU": 2,
"E": [
{
"SI": {
"SN": "sanford idlebod",
"IN": "",
"ST": "MC",
"TRP": {
"x": 170.20000000000003,
"y": 182.35
},
"M3D": [
0.934295654296875,
0.0,
0.0,
0.0,
0.0326080322265625,
0.9797210693359375,
0.0,
0.0,
0.0,
0.0,
1.0,
0.0,
133.3,
183.65,
0.0,
1.0
]
}
}
]
}
]
},
{
"LN": "sanford_holding_meathook",
"FR": [
{
"I": 0,
"DU": 2,
"E": [
{
"SI": {
"SN": "sanford holding meathook",
"IN": "",
"ST": "MC",
"TRP": {
"x": 156.4,
"y": 90.2
},
"M3D": [
1.055267333984375,
-0.15191650390625,
0.0,
0.0,
0.15191650390625,
1.055267333984375,
0.0,
0.0,
0.0,
0.0,
1.0,
0.0,
-6.95,
304.45,
0.0,
1.0
]
}
}
]
},
{
"I": 2,
"DU": 2,
"E": [
{
"SI": {
"SN": "sanford holding meathook",
"IN": "",
"ST": "MC",
"TRP": {
"x": 156.35,
"y": 90.2
},
"M3D": [
1.0502777099609376,
-0.1832275390625,
0.0,
0.0,
0.1832275390625,
1.0502777099609376,
0.0,
0.0,
0.0,
0.0,
1.0,
0.0,
-1.95,
307.8,
0.0,
1.0
]
}
}
]
},
{
"I": 4,
"DU": 2,
"E": [
{
"SI": {
"SN": "sanford holding meathook",
"IN": "",
"ST": "MC",
"TRP": {
"x": 156.4,
"y": 90.2
},
"M3D": [
1.0462646484375,
-0.20489501953125,
0.0,
0.0,
0.20489501953125,
1.0462646484375,
0.0,
0.0,
0.0,
0.0,
1.0,
0.0,
2.7,
307.55,
0.0,
1.0
]
}
}
]
},
{
"I": 6,
"DU": 2,
"E": [
{
"SI": {
"SN": "sanford holding meathook",
"IN": "",
"ST": "MC",
"TRP": {
"x": 156.4,
"y": 90.25
},
"M3D": [
1.05120849609375,
-0.1777191162109375,
0.0,
0.0,
0.1777191162109375,
1.05120849609375,
0.0,
0.0,
0.0,
0.0,
1.0,
0.0,
-0.6,
290.85,
0.0,
1.0
]
}
}
]
},
{
"I": 8,
"DU": 2,
"E": [
{
"SI": {
"SN": "sanford holding meathook",
"IN": "",
"ST": "MC",
"TRP": {
"x": 156.35,
"y": 90.30000000000001
},
"M3D": [
1.06365966796875,
-0.0722808837890625,
0.0,
0.0,
0.0722808837890625,
1.06365966796875,
0.0,
0.0,
0.0,
0.0,
1.0,
0.0,
-5.0,
269.25,
0.0,
1.0
]
}
}
]
},
{
"I": 10,
"DU": 2,
"E": [
{
"SI": {
"SN": "sanford holding meathook",
"IN": "",
"ST": "MC",
"TRP": {
"x": 156.35,
"y": 90.30000000000001
},
"M3D": [
1.064697265625,
-0.0546417236328125,
0.0,
0.0,
0.0546417236328125,
1.064697265625,
0.0,
0.0,
0.0,
0.0,
1.0,
0.0,
-4.5,
265.4,
0.0,
1.0
]
}
}
]
},
{
"I": 12,
"DU": 4,
"E": [
{
"SI": {
"SN": "sanford holding meathook",
"IN": "",
"ST": "MC",
"TRP": {
"x": 156.35,
"y": 90.35000000000001
},
"M3D": [
1.065277099609375,
-0.0414886474609375,
0.0,
0.0,
0.0414886474609375,
1.065277099609375,
0.0,
0.0,
0.0,
0.0,
1.0,
0.0,
-5.35,
262.25,
0.0,
1.0
]
}
}
]
},
{
"I": 16,
"DU": 2,
"E": [
{
"SI": {
"SN": "sanford holding meathook",
"IN": "",
"ST": "MC",
"TRP": {
"x": 156.45000000000003,
"y": 90.2
},
"M3D": [
1.066162109375,
0.0,
0.0,
0.0,
0.0,
1.066162109375,
0.0,
0.0,
0.0,
0.0,
1.0,
0.0,
-21.0,
266.7,
0.0,
1.0
]
}
}
]
}
]
}
]
}
},
{
"SN": "hey",
"TL": {
"L": [
{
"LN": "sanford_phone_hand",
"FR": [
{
"I": 0,
"DU": 2,
"E": [
{
"SI": {
"SN": "sanford phone hand pointing",
"IN": "",
"ST": "MC",
"TRP": {
"x": 49.15,
"y": 93.4
},
"M3D": [
1.024658203125,
0.2822723388671875,
0.0,
0.0,
-0.2822723388671875,
1.024658203125,
0.0,
0.0,
0.0,
0.0,
1.0,
0.0,
449.95,
288.6,
0.0,
1.0
]
}
}
]
},
{
"I": 2,
"DU": 2,
"E": [
{
"SI": {
"SN": "sanford phone hand pointing",
"IN": "",
"ST": "MC",
"TRP": {
"x": 49.2,
"y": 93.4
},
"M3D": [
0.98016357421875,
0.27001953125,
0.0,
0.0,
-0.27001953125,
0.98016357421875,
0.0,
0.0,
0.0,
0.0,
1.0,
0.0,
463.3,
299.1,
0.0,
1.0
]
}
}
]
},
{
"I": 4,
"DU": 19,
"E": [
{
"SI": {
"SN": "sanford phone hand pointing",
"IN": "",
"ST": "MC",
"TRP": {
"x": 49.1,
"y": 93.35000000000001
},
"M3D": [
1.02178955078125,
0.133544921875,
0.0,
0.0,
-0.133544921875,
1.02178955078125,
0.0,
0.0,
0.0,
0.0,
1.0,
0.0,
452.25,
301.65,
0.0,
1.0
]
}
}
]
}
]
},
{
"LN": "Sanford_head_looking_forward",
"FR": [
{
"I": 0,
"DU": 2,
"E": [
{
"SI": {
"SN": "Sanford head looking forward",
"IN": "",
"ST": "MC",
"TRP": {
"x": 130.4,
"y": 221.15
},
"M3D": [
1.0049896240234376,
0.231842041015625,
0.0,
0.0,
-0.231842041015625,
1.0049896240234376,
0.0,
0.0,
0.0,
0.0,
1.0,
0.0,
281.25,
-29.55,
0.0,
1.0
]
}
}
]
},
{
"I": 2,
"DU": 1,
"E": [
{
"SI": {
"SN": "Sanford head looking forward",
"IN": "",
"ST": "G",
"FF": 1,
"LP": "SF",
"TRP": {
"x": 130.45,
"y": 221.05
},
"M3D": [
0.983154296875,
0.082366943359375,
0.0,
0.0,
-0.082366943359375,
0.983154296875,
0.0,
0.0,
0.0,
0.0,
1.0,
0.0,
241.2,
-2.75,
0.0,
1.0
]
}
}
]
},
{
"I": 3,
"DU": 1,
"E": [
{
"SI": {
"SN": "Sanford head looking forward",
"IN": "",
"ST": "G",
"FF": 1,
"LP": "SF",
"TRP": {
"x": 130.45,
"y": 221.05
},
"M3D": [
0.983154296875,
0.082366943359375,
0.0,
0.0,
-0.082366943359375,
0.983154296875,
0.0,
0.0,
0.0,
0.0,
1.0,
0.0,
241.2,
-2.75,
0.0,
1.0
]
}
}
]
},
{
"I": 4,
"DU": 1,
"E": [
{
"SI": {
"SN": "Sanford head looking forward",
"IN": "",
"ST": "G",
"FF": 1,
"LP": "SF",
"TRP": {
"x": 130.4,
"y": 221.25
},
"M3D": [
0.990234375,
0.1392822265625,
0.0,
0.0,
-0.1392822265625,
0.990234375,
0.0,
0.0,
0.0,
0.0,
1.0,
0.0,
254.1,
-14.2,
0.0,
1.0
]
}
}
]
},
{
"I": 5,
"DU": 1,
"E": [
{
"SI": {
"SN": "Sanford head looking forward",
"IN": "",
"ST": "G",
"FF": 1,
"LP": "SF",
"TRP": {
"x": 130.4,
"y": 221.25
},
"M3D": [
0.990234375,
0.1392822265625,
0.0,
0.0,
-0.1392822265625,
0.990234375,
0.0,
0.0,
0.0,
0.0,
1.0,
0.0,
254.1,
-14.2,
0.0,
1.0
]
}
}
]
},
{
"I": 6,
"DU": 1,
"E": [
{
"SI": {
"SN": "Sanford head looking forward",
"IN": "",
"ST": "G",
"FF": 1,
"LP": "SF",
"TRP": {
"x": 130.4,
"y": 221.25
},
"M3D": [
0.990234375,
0.1392822265625,
0.0,
0.0,
-0.1392822265625,
0.990234375,
0.0,
0.0,
0.0,
0.0,
1.0,
0.0,
254.1,
-14.2,
0.0,
1.0
]
}
}
]
},
{
"I": 7,
"DU": 1,
"E": [
{
"SI": {
"SN": "Sanford head looking forward",
"IN": "",
"ST": "G",
"FF": 1,
"LP": "SF",
"TRP": {
"x": 130.4,
"y": 221.25
},
"M3D": [
0.990234375,
0.1392822265625,
0.0,
0.0,
-0.1392822265625,
0.990234375,
0.0,
0.0,
0.0,
0.0,
1.0,
0.0,
254.1,
-14.2,
0.0,
1.0
]
}
}
]
},
{
"I": 8,
"DU": 1,
"E": [
{
"SI": {
"SN": "Sanford head looking forward",
"IN": "",
"ST": "G",
"FF": 1,
"LP": "SF",
"TRP": {
"x": 130.4,
"y": 221.25
},
"M3D": [
0.990234375,
0.1392822265625,
0.0,
0.0,
-0.1392822265625,
0.990234375,
0.0,
0.0,
0.0,
0.0,
1.0,
0.0,
254.1,
-14.2,
0.0,
1.0
]
}
}
]
},
{
"I": 9,
"DU": 1,
"E": [
{
"SI": {
"SN": "Sanford head looking forward",
"IN": "",
"ST": "G",
"FF": 1,
"LP": "SF",
"TRP": {
"x": 130.4,
"y": 221.25
},
"M3D": [
0.990234375,
0.1392822265625,
0.0,
0.0,
-0.1392822265625,
0.990234375,
0.0,
0.0,
0.0,
0.0,
1.0,
0.0,
254.1,
-14.2,
0.0,
1.0
]
}
}
]
},
{
"I": 10,
"DU": 1,
"E": [
{
"SI": {
"SN": "Sanford head looking forward",
"IN": "",
"ST": "G",
"FF": 1,
"LP": "SF",
"TRP": {
"x": 130.4,
"y": 221.25
},
"M3D": [
0.990234375,
0.1392822265625,
0.0,
0.0,
-0.1392822265625,
0.990234375,
0.0,
0.0,
0.0,
0.0,
1.0,
0.0,
254.1,
-14.2,
0.0,
1.0
]
}
}
]
},
{
"I": 11,
"DU": 1,
"E": [
{
"SI": {
"SN": "Sanford head looking forward",
"IN": "",
"ST": "G",
"FF": 1,
"LP": "SF",
"TRP": {
"x": 130.4,
"y": 221.25
},
"M3D": [
0.990234375,
0.1392822265625,
0.0,
0.0,
-0.1392822265625,
0.990234375,
0.0,
0.0,
0.0,
0.0,
1.0,
0.0,
254.1,
-14.2,
0.0,
1.0
]
}
}
]
},
{
"I": 12,
"DU": 1,
"E": [
{
"SI": {
"SN": "Sanford head looking forward",
"IN": "",
"ST": "G",
"FF": 1,
"LP": "SF",
"TRP": {
"x": 130.4,
"y": 221.25
},
"M3D": [
0.990234375,
0.1392822265625,
0.0,
0.0,
-0.1392822265625,
0.990234375,
0.0,
0.0,
0.0,
0.0,
1.0,
0.0,
254.1,
-14.2,
0.0,
1.0
]
}
}
]
},
{
"I": 13,
"DU": 1,
"E": [
{
"SI": {
"SN": "Sanford head looking forward",
"IN": "",
"ST": "G",
"FF": 1,
"LP": "SF",
"TRP": {
"x": 130.4,
"y": 221.25
},
"M3D": [
0.990234375,
0.1392822265625,
0.0,
0.0,
-0.1392822265625,
0.990234375,
0.0,
0.0,
0.0,
0.0,
1.0,
0.0,
254.1,
-14.2,
0.0,
1.0
]
}
}
]
},
{
"I": 14,
"DU": 1,
"E": [
{
"SI": {
"SN": "Sanford head looking forward",
"IN": "",
"ST": "G",
"FF": 1,
"LP": "SF",
"TRP": {
"x": 130.4,
"y": 221.25
},
"M3D": [
0.990234375,
0.1392822265625,
0.0,
0.0,
-0.1392822265625,
0.990234375,
0.0,
0.0,
0.0,
0.0,
1.0,
0.0,
254.1,
-14.2,
0.0,
1.0
]
}
}
]
},
{
"I": 15,
"DU": 1,
"E": [
{
"SI": {
"SN": "Sanford head looking forward",
"IN": "",
"ST": "G",
"FF": 1,
"LP": "SF",
"TRP": {
"x": 130.4,
"y": 221.25
},
"M3D": [
0.990234375,
0.1392822265625,
0.0,
0.0,
-0.1392822265625,
0.990234375,
0.0,
0.0,
0.0,
0.0,
1.0,
0.0,
254.1,
-14.2,
0.0,
1.0
]
}
}
]
},
{
"I": 16,
"DU": 1,
"E": [
{
"SI": {
"SN": "Sanford head looking forward",
"IN": "",
"ST": "G",
"FF": 1,
"LP": "SF",
"TRP": {
"x": 130.4,
"y": 221.25
},
"M3D": [
0.990234375,
0.1392822265625,
0.0,
0.0,
-0.1392822265625,
0.990234375,
0.0,
0.0,
0.0,
0.0,
1.0,
0.0,
254.1,
-14.2,
0.0,
1.0
]
}
}
]
},
{
"I": 17,
"DU": 1,
"E": [
{
"SI": {
"SN": "Sanford head looking forward",
"IN": "",
"ST": "G",
"FF": 1,
"LP": "SF",
"TRP": {
"x": 130.4,
"y": 221.25
},
"M3D": [
0.990234375,
0.1392822265625,
0.0,
0.0,
-0.1392822265625,
0.990234375,
0.0,
0.0,
0.0,
0.0,
1.0,
0.0,
254.1,
-14.2,
0.0,
1.0
]
}
}
]
},
{
"I": 18,
"DU": 1,
"E": [
{
"SI": {
"SN": "Sanford head looking forward",
"IN": "",
"ST": "G",
"FF": 1,
"LP": "SF",
"TRP": {
"x": 130.4,
"y": 221.25
},
"M3D": [
0.990234375,
0.1392822265625,
0.0,
0.0,
-0.1392822265625,
0.990234375,
0.0,
0.0,
0.0,
0.0,
1.0,
0.0,
254.1,
-14.2,
0.0,
1.0
]
}
}
]
},
{
"I": 19,
"DU": 1,
"E": [
{
"SI": {
"SN": "Sanford head looking forward",
"IN": "",
"ST": "G",
"FF": 1,
"LP": "SF",
"TRP": {
"x": 130.4,
"y": 221.25
},
"M3D": [
0.990234375,
0.1392822265625,
0.0,
0.0,
-0.1392822265625,
0.990234375,
0.0,
0.0,
0.0,
0.0,
1.0,
0.0,
254.1,
-14.2,
0.0,
1.0
]
}
}
]
},
{
"I": 20,
"DU": 1,
"E": [
{
"SI": {
"SN": "Sanford head looking forward",
"IN": "",
"ST": "G",
"FF": 1,
"LP": "SF",
"TRP": {
"x": 130.4,
"y": 221.25
},
"M3D": [
0.990234375,
0.1392822265625,
0.0,
0.0,
-0.1392822265625,
0.990234375,
0.0,
0.0,
0.0,
0.0,
1.0,
0.0,
254.1,
-14.2,
0.0,
1.0
]
}
}
]
},
{
"I": 21,
"DU": 1,
"E": [
{
"SI": {
"SN": "Sanford head looking forward",
"IN": "",
"ST": "G",
"FF": 1,
"LP": "SF",
"TRP": {
"x": 130.4,
"y": 221.25
},
"M3D": [
0.990234375,
0.1392822265625,
0.0,
0.0,
-0.1392822265625,
0.990234375,
0.0,
0.0,
0.0,
0.0,
1.0,
0.0,
254.1,
-14.2,
0.0,
1.0
]
}
}
]
},
{
"I": 22,
"DU": 1,
"E": [
{
"SI": {
"SN": "Sanford head looking forward",
"IN": "",
"ST": "G",
"FF": 1,
"LP": "SF",
"TRP": {
"x": 130.4,
"y": 221.25
},
"M3D": [
0.990234375,
0.1392822265625,
0.0,
0.0,
-0.1392822265625,
0.990234375,
0.0,
0.0,
0.0,
0.0,
1.0,
0.0,
254.1,
-14.2,
0.0,
1.0
]
}
}
]
}
]
},
{
"LN": "sanford_idlebod",
"FR": [
{
"I": 0,
"DU": 2,
"E": [
{
"SI": {
"SN": "sanford idlebod bent",
"IN": "",
"ST": "MC",
"TRP": {
"x": 170.15,
"y": 182.4
},
"M3D": [
0.963623046875,
0.0,
0.0,
0.0,
-0.0165252685546875,
1.010498046875,
0.0,
0.0,
0.0,
0.0,
1.0,
0.0,
146.4,
181.3,
0.0,
1.0
]
}
}
]
},
{
"I": 2,
"DU": 2,
"E": [
{
"SI": {
"SN": "sanford idlebod bent",
"IN": "",
"ST": "MC",
"TRP": {
"x": 170.3,
"y": 182.45000000000003
},
"M3D": [
0.92181396484375,
0.0,
0.0,
0.0,
0.006439208984375,
0.966644287109375,
0.0,
0.0,
0.0,
0.0,
1.0,
0.0,
144.75,
184.45,
0.0,
1.0
]
}
}
]
},
{
"I": 4,
"DU": 19,
"E": [
{
"SI": {
"SN": "sanford idlebod bent",
"IN": "",
"ST": "MC",
"TRP": {
"x": 170.15,
"y": 182.35
},
"M3D": [
0.934295654296875,
0.0,
0.0,
0.0,
0.0,
0.9797210693359375,
0.0,
0.0,
0.0,
0.0,
1.0,
0.0,
145.25,
183.65,
0.0,
1.0
]
}
}
]
}
]
},
{
"LN": "sanford_holding_meathook",
"FR": [
{
"I": 0,
"DU": 2,
"E": [
{
"SI": {
"SN": "sanford holding meathook cool hand",
"IN": "",
"ST": "MC",
"TRP": {
"x": 167.8,
"y": 65.4
},
"M3D": [
0.76373291015625,
0.7911224365234375,
0.0,
0.0,
-0.7911224365234375,
0.76373291015625,
0.0,
0.0,
0.0,
0.0,
1.0,
0.0,
104.9,
163.5,
0.0,
1.0
]
}
}
]
},
{
"I": 2,
"DU": 2,
"E": [
{
"SI": {
"SN": "sanford holding meathook cool hand",
"IN": "",
"ST": "MC",
"TRP": {
"x": 167.9,
"y": 65.35
},
"M3D": [
0.6483154296875,
0.828338623046875,
0.0,
0.0,
-0.828338623046875,
0.6483154296875,
0.0,
0.0,
0.0,
0.0,
1.0,
0.0,
117.65,
164.8,
0.0,
1.0
]
}
}
]
},
{
"I": 4,
"DU": 19,
"E": [
{
"SI": {
"SN": "sanford holding meathook cool hand",
"IN": "",
"ST": "MC",
"TRP": {
"x": 167.8,
"y": 65.4
},
"M3D": [
0.619232177734375,
0.86785888671875,
0.0,
0.0,
-0.86785888671875,
0.619232177734375,
0.0,
0.0,
0.0,
0.0,
1.0,
0.0,
129.1,
161.25,
0.0,
1.0
]
}
}
]
}
]
}
]
}
},
{
"SN": "sanford phone hand pointing",
"TL": {
"L": [
{
"LN": "Layer_2",
"FR": [
{
"I": 0,
"DU": 1,
"E": [
{
"ASI": {
"N": "0004",
"M3D": [
0.9408721923828125,
0.0,
0.0,
0.0,
0.0,
0.9408721923828125,
0.0,
0.0,
0.0,
0.0,
1.0,
0.0,
-0.9,
-0.9,
0.0,
1.0
]
}
}
]
}
]
}
]
}
},
{
"SN": "Sanford head looking forward",
"TL": {
"L": [
{
"LN": "Layer_2",
"FR": [
{
"I": 0,
"DU": 1,
"E": [
{
"ASI": {
"N": "0007",
"M3D": [
0.96954345703125,
0.0,
0.0,
0.0,
0.0,
0.96954345703125,
0.0,
0.0,
0.0,
0.0,
1.0,
0.0,
72.7,
192.9,
0.0,
1.0
]
}
}
]
},
{
"I": 1,
"DU": 1,
"E": [
{
"ASI": {
"N": "0008",
"M3D": [
0.96954345703125,
0.0,
0.0,
0.0,
0.0,
0.96954345703125,
0.0,
0.0,
0.0,
0.0,
1.0,
0.0,
68.8,
200.65,
0.0,
1.0
]
}
}
]
}
]
},
{
"LN": "Layer_1",
"FR": [
{
"I": 0,
"DU": 2,
"E": [
{
"ASI": {
"N": "0009",
"M3D": [
0.96954345703125,
0.0,
0.0,
0.0,
0.0,
0.96954345703125,
0.0,
0.0,
0.0,
0.0,
1.0,
0.0,
-8.7,
-10.65,
0.0,
1.0
]
}
}
]
}
]
}
]
}
},
{
"SN": "sanford idlebod bent",
"TL": {
"L": [
{
"LN": "Layer_2",
"FR": [
{
"I": 0,
"DU": 1,
"E": [
{
"ASI": {
"N": "0005",
"M3D": [
0.989471435546875,
0.0,
0.0,
0.0,
0.0,
0.989471435546875,
0.0,
0.0,
0.0,
0.0,
1.0,
0.0,
-9.85,
0.95,
0.0,
1.0
]
}
}
]
}
]
}
]
}
},
{
"SN": "sanford holding meathook cool hand",
"TL": {
"L": [
{
"LN": "Layer_2",
"FR": [
{
"I": 0,
"DU": 1,
"E": [
{
"ASI": {
"N": "0006",
"M3D": [
0.909393310546875,
0.0,
0.0,
0.0,
0.0,
0.909393310546875,
0.0,
0.0,
0.0,
0.0,
1.0,
0.0,
5.45,
-4.5,
0.0,
1.0
]
}
}
]
}
]
}
]
}
}
]
},
"MD": {
"FRT": 24.0
}
}