﻿{"ATLAS": {"SPRITES":[ 
{"SPRITE" : {"name": "0000","x":658,"y":502,"w":152,"h":160,"rotated": false}},
{"SPRITE" : {"name": "0001","x":695,"y":261,"w":264,"h":238,"rotated": false}},
{"SPRITE" : {"name": "0002","x":0,"y":0,"w":346,"h":368,"rotated": false}},
{"SPRITE" : {"name": "0003","x":242,"y":371,"w":234,"h":161,"rotated": false}},
{"SPRITE" : {"name": "0004","x":479,"y":371,"w":176,"h":165,"rotated": false}},
{"SPRITE" : {"name": "0005","x":349,"y":0,"w":343,"h":368,"rotated": false}},
{"SPRITE" : {"name": "0006","x":0,"y":371,"w":239,"h":193,"rotated": false}},
{"SPRITE" : {"name": "0007","x":813,"y":502,"w":73,"h":61,"rotated": false}},
{"SPRITE" : {"name": "0008","x":889,"y":502,"w":74,"h":30,"rotated": false}},
{"SPRITE" : {"name": "0009","x":695,"y":0,"w":254,"h":258,"rotated": false}}
]},
"meta": {
"app": "Adobe Animate",
"version": "23.0.0.407",
"image": "spritemap1.png",
"format": "RGBA8888",
"size": {"w":963,"h":662},
"resolution": "1"
}
}
