{"events":[{"params":[1],"name":"Camera Movement","time":9290.32258064516},{"params":[0],"name":"Camera Movement","time":15483.8709677419},{"params":[1],"name":"Camera Movement","time":21677.4193548387},{"params":[0],"name":"Camera Movement","time":27870.9677419355},{"params":[true,false,0],"name":"Alt Animation Toggle","time":27870.9677419355},{"params":[0,"midget",true],"name":"Play Animation","time":32903.2258064516},{"params":[1],"name":"Camera Movement","time":34064.5161290323},{"params":[false,false,0],"name":"Alt Animation Toggle","time":35612.9032258065},{"params":[0],"name":"Camera Movement","time":40258.064516129},{"params":[true,false,0],"name":"Alt Animation Toggle","time":40258.064516129},{"params":[1],"name":"Camera Movement","time":46451.6129032258},{"params":[false,false,0],"name":"Alt Animation Toggle","time":51096.7741935484},{"params":[0],"name":"Camera Movement","time":52645.1612903226},{"params":[1],"name":"Camera Movement","time":58838.7096774194},{"params":[0],"name":"Camera Movement","time":65032.2580645162},{"params":[1],"name":"Camera Movement","time":71225.806451613},{"params":[0],"name":"Camera Movement","time":77419.3548387098},{"params":[true,false,0],"name":"Alt Animation Toggle","time":77419.3548387098},{"params":[0,"cough",true],"time":79354.8387096774,"name":"Play Animation"},{"params":[1],"name":"Camera Movement","time":86709.6774193549},{"params":[1,"hey",true],"time":86709.6774193549,"name":"Play Animation"},{"params":[false,false,0],"name":"Alt Animation Toggle","time":88258.0645161291},{"params":[0],"name":"Camera Movement","time":92903.2258064517},{"params":[true,false,0],"name":"Alt Animation Toggle","time":92903.2258064517},{"params":[1],"name":"Camera Movement","time":99096.7741935485},{"params":[0],"name":"Camera Movement","time":105290.322580645},{"params":[false,false,0],"name":"Alt Animation Toggle","time":105290.322580645},{"params":[1],"name":"Camera Movement","time":111483.870967742},{"params":[0],"name":"Camera Movement","time":117677.419354839},{"params":[1],"name":"Camera Movement","time":123870.967741936},{"params":[0,"cough",true],"time":130838.709677419,"name":"Play Animation"}],"scrollSpeed":2.8,"strumLines":[{"notes":[{"id":1,"sLen":291,"time":3096.77419354839,"type":0},{"id":1,"sLen":291,"time":3677.41935483871,"type":0},{"id":3,"sLen":0,"time":4258.06451612903,"type":0},{"id":3,"sLen":97,"time":4451.61290322581,"type":0},{"id":1,"sLen":0,"time":4645.16129032258,"type":0},{"id":0,"sLen":97,"time":4935.48387096774,"type":0},{"id":1,"sLen":0,"time":5225.8064516129,"type":0},{"id":0,"sLen":0,"time":5419.35483870968,"type":0},{"id":0,"sLen":0,"time":5709.67741935484,"type":0},{"id":2,"sLen":0,"time":5806.45161290323,"type":0},{"id":3,"sLen":0,"time":6000,"type":0},{"id":3,"sLen":0,"time":6193.54838709677,"type":0},{"id":1,"sLen":0,"time":6387.09677419355,"type":0},{"id":2,"sLen":96.9999999999991,"time":6580.64516129032,"type":0},{"id":3,"sLen":0,"time":6774.1935483871,"type":0},{"id":1,"sLen":0,"time":6967.74193548387,"type":0},{"id":2,"sLen":97,"time":7161.29032258065,"type":0},{"id":3,"sLen":0,"time":7354.83870967742,"type":0},{"id":1,"sLen":0,"time":7548.38709677419,"type":0},{"id":2,"sLen":485,"time":7741.93548387097,"type":0},{"id":1,"sLen":485,"time":8322.58064516129,"type":0},{"id":3,"sLen":0,"time":8903.22580645161,"type":0},{"id":0,"sLen":0,"time":9096.77419354839,"type":0},{"id":3,"sLen":582,"time":9290.32258064516,"type":0},{"id":2,"sLen":195,"time":15483.8709677419,"type":0},{"id":2,"sLen":0,"time":16064.5161290323,"type":0},{"id":1,"sLen":0,"time":16258.064516129,"type":0},{"id":1,"sLen":0,"time":16548.3870967742,"type":0},{"id":1,"sLen":0,"time":16838.7096774194,"type":0},{"id":3,"sLen":291,"time":17032.2580645161,"type":0},{"id":0,"sLen":0,"time":17419.3548387097,"type":0},{"id":1,"sLen":0,"time":17612.9032258065,"type":0},{"id":2,"sLen":0,"time":17806.4516129032,"type":0},{"id":2,"sLen":0,"time":18096.7741935484,"type":0},{"id":2,"sLen":0,"time":18387.0967741935,"type":0},{"id":3,"sLen":291,"time":18580.6451612903,"type":0},{"id":2,"sLen":0,"time":19161.2903225806,"type":0},{"id":1,"sLen":0,"time":19354.8387096774,"type":0},{"id":0,"sLen":0,"time":19645.1612903226,"type":0},{"id":0,"sLen":0,"time":19935.4838709677,"type":0},{"id":3,"sLen":291,"time":20129.0322580645,"type":0},{"id":2,"sLen":0,"time":20516.1290322581,"type":0},{"id":0,"sLen":0,"time":20709.6774193548,"type":0},{"id":3,"sLen":0,"time":20903.2258064516,"type":0},{"id":1,"sLen":0,"time":21193.5483870968,"type":0},{"id":1,"sLen":0,"time":21483.8709677419,"type":0},{"id":1,"sLen":195,"time":21967.7419354839,"type":0},{"id":3,"sLen":0,"time":22258.064516129,"type":0},{"id":1,"sLen":679,"time":22451.6129032258,"type":0},{"id":1,"sLen":194,"time":23516.1290322581,"type":0},{"id":3,"sLen":0,"time":23806.4516129032,"type":0},{"id":1,"sLen":679,"time":24000,"type":0},{"id":1,"sLen":193.999999999996,"time":25064.5161290323,"type":0},{"id":3,"sLen":0,"time":25354.8387096774,"type":0},{"id":1,"sLen":678.999999999964,"time":25548.3870967742,"type":0},{"id":1,"sLen":291,"time":28258.064516129,"type":0},{"id":0,"sLen":291,"time":28645.1612903226,"type":0},{"id":3,"sLen":0,"time":29032.2580645161,"type":0},{"id":2,"sLen":193.999999999964,"time":29419.3548387097,"type":0},{"id":1,"sLen":0,"time":29806.4516129032,"type":0},{"id":1,"sLen":0,"time":30000,"type":0},{"id":1,"sLen":0,"time":30096.7741935484,"type":0},{"id":0,"sLen":0,"time":30193.5483870968,"type":0},{"id":3,"sLen":0,"time":30387.0967741935,"type":0},{"id":0,"sLen":0,"time":30580.6451612903,"type":0},{"id":2,"sLen":0,"time":30774.1935483871,"type":0},{"id":3,"sLen":0,"time":30967.7419354839,"type":1},{"id":0,"sLen":0,"time":31354.8387096774,"type":0},{"id":0,"sLen":0,"time":31548.3870967742,"type":0},{"id":0,"sLen":0,"time":31645.1612903226,"type":0},{"id":3,"sLen":0,"time":31741.935483871,"type":0},{"id":1,"sLen":0,"time":31935.4838709677,"type":0},{"id":1,"sLen":0,"time":32032.2580645161,"type":0},{"id":3,"sLen":0,"time":32129.0322580645,"type":0},{"id":1,"sLen":0,"time":32322.5806451613,"type":0},{"id":1,"sLen":0,"time":32419.3548387097,"type":0},{"id":2,"sLen":193.999999999996,"time":32516.1290322581,"type":0},{"id":3,"sLen":290.322580645159,"time":32903.2258064516,"type":1},{"id":1,"sLen":0,"time":33290.3225806452,"type":0},{"id":1,"sLen":0,"time":33387.0967741935,"type":0},{"id":2,"sLen":0,"time":33483.8709677419,"type":0},{"id":0,"sLen":97,"time":33677.4193548387,"type":0},{"id":2,"sLen":0,"time":33870.9677419355,"type":0},{"id":3,"sLen":0,"time":34064.5161290323,"type":0},{"id":3,"sLen":0,"time":40645.1612903226,"type":0},{"id":1,"sLen":0,"time":40838.7096774194,"type":0},{"id":1,"sLen":0,"time":40935.4838709678,"type":0},{"id":3,"sLen":0,"time":41032.2580645161,"type":0},{"id":0,"sLen":0,"time":41225.8064516129,"type":0},{"id":2,"sLen":97,"time":41419.3548387097,"type":0},{"id":2,"sLen":0,"time":41612.9032258065,"type":0},{"id":2,"sLen":0,"time":41709.6774193548,"type":0},{"id":1,"sLen":0,"time":41806.4516129032,"type":0},{"id":1,"sLen":0,"time":42000,"type":0},{"id":3,"sLen":0,"time":42193.5483870968,"type":0},{"id":1,"sLen":0,"time":42387.0967741936,"type":0},{"id":1,"sLen":0,"time":42483.870967742,"type":0},{"id":3,"sLen":0,"time":42580.6451612903,"type":0},{"id":0,"sLen":0,"time":42774.1935483871,"type":0},{"id":2,"sLen":0,"time":42967.7419354839,"type":0},{"id":1,"sLen":0,"time":43161.2903225807,"type":0},{"id":1,"sLen":0,"time":43258.064516129,"type":0},{"id":0,"sLen":97,"time":43354.8387096774,"type":0},{"id":3,"sLen":0,"time":43741.935483871,"type":0},{"id":0,"sLen":0,"time":43935.4838709678,"type":0},{"id":1,"sLen":0,"time":44032.2580645162,"type":0},{"id":3,"sLen":0,"time":44129.0322580645,"type":0},{"id":0,"sLen":0,"time":44322.5806451613,"type":0},{"id":2,"sLen":0,"time":44516.1290322581,"type":0},{"id":2,"sLen":0,"time":44709.6774193549,"type":0},{"id":2,"sLen":0,"time":44806.4516129032,"type":0},{"id":1,"sLen":0,"time":44903.2258064516,"type":0},{"id":1,"sLen":0,"time":45096.7741935484,"type":0},{"id":3,"sLen":0,"time":45290.3225806452,"type":0},{"id":1,"sLen":0,"time":45483.870967742,"type":0},{"id":1,"sLen":0,"time":45580.6451612903,"type":0},{"id":3,"sLen":0,"time":45677.4193548387,"type":0},{"id":0,"sLen":0,"time":45870.9677419355,"type":0},{"id":3,"sLen":0,"time":46064.5161290323,"type":0},{"id":1,"sLen":0,"time":46258.0645161291,"type":0},{"id":2,"sLen":291,"time":46451.6129032258,"type":0},{"id":1,"sLen":0,"time":46838.7096774194,"type":0},{"id":1,"sLen":0,"time":47225.8064516129,"type":0},{"id":2,"sLen":0,"time":47516.1290322581,"type":0},{"id":3,"sLen":0,"time":47806.4516129032,"type":0},{"id":1,"sLen":0,"time":48000,"type":0},{"id":1,"sLen":0,"time":48387.0967741936,"type":0},{"id":1,"sLen":0,"time":48774.1935483871,"type":0},{"id":1,"sLen":0,"time":49064.5161290323,"type":0},{"id":0,"sLen":0,"time":49161.2903225807,"type":0},{"id":3,"sLen":0,"time":49354.8387096774,"type":0},{"id":1,"sLen":0,"time":49548.3870967742,"type":0},{"id":1,"sLen":0,"time":49935.4838709678,"type":0},{"id":1,"sLen":0,"time":50322.5806451613,"type":0},{"id":2,"sLen":0,"time":50612.9032258065,"type":0},{"id":3,"sLen":0,"time":50903.2258064516,"type":0},{"id":1,"sLen":0,"time":51096.7741935484,"type":3},{"id":1,"sLen":0,"time":51483.870967742,"type":3},{"id":1,"sLen":0,"time":51870.9677419355,"type":0},{"id":0,"sLen":97,"time":52064.5161290323,"type":0},{"id":3,"sLen":97.0000000000073,"time":52258.0645161291,"type":0},{"id":2,"sLen":97,"time":52451.6129032258,"type":0},{"id":1,"sLen":0,"time":53032.2580645162,"type":0},{"id":1,"sLen":0,"time":53129.0322580646,"type":0},{"id":0,"sLen":0,"time":53225.8064516129,"type":0},{"id":3,"sLen":193.999999999993,"time":53419.3548387097,"type":0},{"id":1,"sLen":0,"time":53806.4516129033,"type":0},{"id":1,"sLen":0,"time":53903.2258064516,"type":0},{"id":0,"sLen":0,"time":54000,"type":0},{"id":3,"sLen":97,"time":54193.5483870968,"type":0},{"id":1,"sLen":97.0000000000073,"time":54387.0967741936,"type":0},{"id":3,"sLen":0,"time":54580.6451612904,"type":0},{"id":3,"sLen":0,"time":54677.4193548387,"type":0},{"id":0,"sLen":0,"time":54774.1935483871,"type":0},{"id":3,"sLen":97,"time":54967.7419354839,"type":0},{"id":1,"sLen":96.99999999992,"time":55161.2903225807,"type":0},{"id":2,"sLen":97.0000000000728,"time":55354.8387096775,"type":0},{"id":0,"sLen":97.0000000000073,"time":55548.3870967742,"type":0},{"id":1,"sLen":291,"time":55741.935483871,"type":0},{"id":1,"sLen":290.999999999985,"time":56322.5806451613,"type":0},{"id":2,"sLen":0,"time":56903.2258064517,"type":0},{"id":2,"sLen":96.9999999999927,"time":57096.7741935484,"type":0},{"id":1,"sLen":0,"time":57290.3225806452,"type":0},{"id":0,"sLen":0,"time":57580.6451612904,"type":0},{"id":1,"sLen":0,"time":57870.9677419355,"type":0},{"id":0,"sLen":0,"time":58064.5161290323,"type":0},{"id":0,"sLen":0,"time":58258.0645161291,"type":0},{"id":3,"sLen":0,"time":58451.6129032259,"type":0},{"id":2,"sLen":0,"time":58645.1612903226,"type":0},{"id":1,"sLen":485,"time":58838.7096774194,"type":0},{"id":1,"sLen":97,"time":64258.0645161291,"type":0},{"id":2,"sLen":0,"time":64451.6129032259,"type":0},{"id":3,"sLen":97,"time":64645.1612903226,"type":0},{"id":1,"sLen":0,"time":64838.7096774194,"type":0},{"id":1,"sLen":0,"time":64935.4838709678,"type":0},{"id":3,"sLen":195,"time":65032.2580645162,"type":0},{"id":1,"sLen":96.99999999992,"time":65225.806451613,"type":0},{"id":0,"sLen":290.999999999993,"time":65419.3548387097,"type":0},{"id":1,"sLen":291,"time":65806.4516129033,"type":0},{"id":3,"sLen":291,"time":66193.5483870968,"type":0},{"id":1,"sLen":291,"time":66580.6451612904,"type":0},{"id":2,"sLen":97,"time":67064.5161290323,"type":0},{"id":1,"sLen":97,"time":67258.0645161291,"type":0},{"id":0,"sLen":194,"time":67451.6129032259,"type":0},{"id":1,"sLen":0,"time":67741.935483871,"type":0},{"id":3,"sLen":487,"time":67935.4838709678,"type":0},{"id":0,"sLen":0,"time":68516.1290322581,"type":0},{"id":1,"sLen":388,"time":68709.6774193549,"type":0},{"id":2,"sLen":0,"time":69290.3225806452,"type":0},{"id":1,"sLen":485,"time":69483.870967742,"type":0},{"id":2,"sLen":0,"time":70064.5161290323,"type":0},{"id":3,"sLen":0,"time":70161.2903225807,"type":0},{"id":2,"sLen":0,"time":70258.0645161291,"type":0},{"id":3,"sLen":0,"time":70354.8387096775,"type":0},{"id":2,"sLen":0,"time":70451.6129032259,"type":0},{"id":3,"sLen":0,"time":70645.1612903226,"type":0},{"id":1,"sLen":0,"time":70838.7096774194,"type":0},{"id":0,"sLen":0,"time":71032.2580645162,"type":0},{"id":3,"sLen":1358,"time":71225.806451613,"type":0},{"id":1,"sLen":0,"time":77419.3548387098,"type":0},{"id":0,"sLen":0,"time":77709.6774193549,"type":0},{"id":3,"sLen":0,"time":78000.0000000001,"type":0},{"id":2,"sLen":194,"time":78193.5483870969,"type":0},{"id":0,"sLen":0,"time":78483.870967742,"type":0},{"id":1,"sLen":0,"time":78774.1935483872,"type":0},{"id":0,"sLen":0,"time":78967.741935484,"type":0},{"id":1,"sLen":0,"time":79064.5161290324,"type":0},{"id":3,"sLen":0,"time":79161.2903225807,"type":0},{"id":2,"sLen":0,"time":79258.0645161291,"type":0},{"id":3,"sLen":0,"time":79354.8387096775,"type":1},{"id":0,"sLen":0,"time":79548.3870967743,"type":1},{"id":3,"sLen":0,"time":79645.1612903227,"type":1},{"id":1,"sLen":0,"time":79741.9354838711,"type":1},{"id":2,"sLen":0,"time":79838.7096774195,"type":1},{"id":1,"sLen":0,"time":79935.4838709678,"type":1},{"id":2,"sLen":0,"time":80032.2580645162,"type":1},{"id":3,"sLen":0,"time":80129.0322580646,"type":2},{"id":3,"sLen":0,"time":80225.806451613,"type":1},{"id":3,"sLen":0,"time":80322.5806451614,"type":1},{"id":3,"sLen":0,"time":80419.3548387098,"type":1},{"id":1,"sLen":291,"time":80903.2258064516,"type":0},{"id":0,"sLen":291,"time":81290.3225806452,"type":0},{"id":3,"sLen":0,"time":81677.4193548387,"type":0},{"id":2,"sLen":194,"time":82064.5161290324,"type":0},{"id":1,"sLen":0,"time":82451.6129032259,"type":0},{"id":1,"sLen":0,"time":82645.1612903227,"type":0},{"id":1,"sLen":0,"time":82741.9354838711,"type":0},{"id":0,"sLen":0,"time":82838.7096774195,"type":0},{"id":1,"sLen":0,"time":83032.2580645162,"type":0},{"id":0,"sLen":0,"time":83225.806451613,"type":0},{"id":3,"sLen":0,"time":83419.3548387098,"type":0},{"id":2,"sLen":0,"time":83612.9032258066,"type":0},{"id":1,"sLen":0,"time":83806.4516129033,"type":0},{"id":0,"sLen":0,"time":84000.0000000001,"type":0},{"id":0,"sLen":0,"time":84193.5483870969,"type":0},{"id":0,"sLen":0,"time":84290.3225806453,"type":0},{"id":3,"sLen":2,"time":84419.3548387098,"type":0},{"id":1,"sLen":0,"time":84516.1290322582,"type":0},{"id":1,"sLen":0,"time":84677.4193548388,"type":0},{"id":3,"sLen":97,"time":84774.1935483872,"type":0},{"id":1,"sLen":0,"time":84967.741935484,"type":0},{"id":1,"sLen":0,"time":85064.5161290324,"type":0},{"id":2,"sLen":194,"time":85161.2903225808,"type":0},{"id":3,"sLen":291,"time":85548.3870967743,"type":0},{"id":1,"sLen":0,"time":85935.4838709678,"type":0},{"id":1,"sLen":0,"time":86032.2580645162,"type":0},{"id":0,"sLen":0,"time":86129.0322580646,"type":0},{"id":3,"sLen":97,"time":86322.5806451614,"type":0},{"id":0,"sLen":0,"time":86564.5161290324,"type":0},{"id":2,"sLen":0,"time":86709.6774193549,"type":0},{"id":0,"sLen":0,"time":92903.2258064517,"type":0},{"id":3,"sLen":0,"time":93000.0000000001,"type":0},{"id":0,"sLen":0,"time":93096.7741935485,"type":0},{"id":1,"sLen":0,"time":93193.5483870969,"type":0},{"id":3,"sLen":97,"time":93290.3225806453,"type":0},{"id":2,"sLen":0,"time":93483.8709677421,"type":0},{"id":0,"sLen":0,"time":93580.6451612904,"type":0},{"id":1,"sLen":97,"time":93677.4193548388,"type":0},{"id":2,"sLen":0,"time":93870.9677419356,"type":0},{"id":3,"sLen":0,"time":93967.741935484,"type":0},{"id":0,"sLen":97,"time":94064.5161290324,"type":0},{"id":2,"sLen":0,"time":94258.0645161292,"type":0},{"id":3,"sLen":0,"time":94354.8387096775,"type":0},{"id":0,"sLen":97,"time":94451.6129032259,"type":0},{"id":2,"sLen":0,"time":94645.1612903227,"type":0},{"id":3,"sLen":0,"time":94741.9354838711,"type":0},{"id":1,"sLen":97,"time":94838.7096774195,"type":0},{"id":2,"sLen":0,"time":95032.2580645163,"type":0},{"id":3,"sLen":0,"time":95129.0322580646,"type":0},{"id":2,"sLen":0,"time":95225.806451613,"type":0},{"id":3,"sLen":0,"time":95322.5806451614,"type":0},{"id":1,"sLen":0,"time":95419.3548387098,"type":0},{"id":2,"sLen":0,"time":95516.1290322582,"type":0},{"id":3,"sLen":0,"time":95612.9032258066,"type":0},{"id":2,"sLen":0,"time":95806.4516129034,"type":0},{"id":1,"sLen":0,"time":95903.2258064517,"type":0},{"id":3,"sLen":0,"time":96000.0000000001,"type":0},{"id":0,"sLen":0,"time":96096.7741935485,"type":0},{"id":3,"sLen":0,"time":96193.5483870969,"type":0},{"id":0,"sLen":0,"time":96290.3225806453,"type":0},{"id":1,"sLen":97,"time":96387.0967741937,"type":0},{"id":2,"sLen":0,"time":96580.6451612904,"type":0},{"id":3,"sLen":0,"time":96677.4193548388,"type":0},{"id":0,"sLen":97,"time":96774.1935483872,"type":0},{"id":2,"sLen":0,"time":96967.741935484,"type":0},{"id":3,"sLen":0,"time":97064.5161290324,"type":0},{"id":1,"sLen":97,"time":97161.2903225808,"type":0},{"id":2,"sLen":0,"time":97354.8387096776,"type":0},{"id":3,"sLen":0,"time":97451.6129032259,"type":0},{"id":1,"sLen":0,"time":97548.3870967743,"type":0},{"id":3,"sLen":0,"time":97645.1612903227,"type":0},{"id":1,"sLen":0,"time":97741.9354838711,"type":0},{"id":0,"sLen":0,"time":97838.7096774195,"type":0},{"id":1,"sLen":0,"time":97935.4838709679,"type":0},{"id":2,"sLen":0,"time":98032.2580645163,"type":0},{"id":3,"sLen":97,"time":98129.0322580646,"type":0},{"id":1,"sLen":194,"time":98322.5806451614,"type":0},{"id":0,"sLen":194,"time":98612.9032258066,"type":0},{"id":1,"sLen":97,"time":98903.2258064518,"type":0},{"id":2,"sLen":0,"time":99096.7741935485,"type":0},{"id":1,"sLen":194,"time":99193.5483870969,"type":0},{"id":0,"sLen":291.000000000015,"time":99483.8709677421,"type":0},{"id":3,"sLen":290.999999999985,"time":99870.9677419356,"type":0},{"id":1,"sLen":291,"time":100258.064516129,"type":0},{"id":1,"sLen":0,"time":100645.161290323,"type":0},{"id":1,"sLen":0,"time":100838.709677419,"type":0},{"id":2,"sLen":97.0000000000146,"time":101032.258064516,"type":0},{"id":1,"sLen":97,"time":101225.806451613,"type":0},{"id":2,"sLen":0,"time":101419.35483871,"type":0},{"id":0,"sLen":193.99999999984,"time":101516.129032258,"type":0},{"id":1,"sLen":0,"time":101806.451612903,"type":0},{"id":3,"sLen":0,"time":102000,"type":0},{"id":3,"sLen":0,"time":102096.774193549,"type":0},{"id":2,"sLen":0,"time":102193.548387097,"type":0},{"id":1,"sLen":194.000000000029,"time":102290.322580645,"type":0},{"id":0,"sLen":290.99999999984,"time":102580.64516129,"type":0},{"id":3,"sLen":291,"time":102967.741935484,"type":0},{"id":1,"sLen":0,"time":103354.838709678,"type":0},{"id":1,"sLen":0,"time":103548.387096774,"type":0},{"id":1,"sLen":0,"time":103645.161290323,"type":0},{"id":2,"sLen":291.000000000015,"time":103741.935483871,"type":0},{"id":0,"sLen":291,"time":104129.032258065,"type":0},{"id":3,"sLen":96.9999999999127,"time":104516.129032258,"type":0},{"id":1,"sLen":97,"time":104709.677419355,"type":0},{"id":2,"sLen":0,"time":104903.225806452,"type":0},{"id":0,"sLen":194.000000000116,"time":105000,"type":0},{"id":1,"sLen":0,"time":105677.419354839,"type":0},{"id":1,"sLen":0,"time":105774.193548387,"type":0},{"id":0,"sLen":0,"time":105870.967741936,"type":0},{"id":3,"sLen":98.0000000000291,"time":106064.516129032,"type":0},{"id":1,"sLen":0,"time":106451.612903226,"type":0},{"id":1,"sLen":0,"time":106548.387096774,"type":0},{"id":0,"sLen":0,"time":106741.935483871,"type":0},{"id":3,"sLen":97,"time":106838.70967742,"type":0},{"id":1,"sLen":97,"time":107032.258064516,"type":0},{"id":3,"sLen":0,"time":107225.806451613,"type":0},{"id":3,"sLen":0,"time":107322.580645161,"type":0},{"id":0,"sLen":0,"time":107419.35483871,"type":0},{"id":3,"sLen":97,"time":107612.903225807,"type":0},{"id":1,"sLen":97,"time":107806.451612903,"type":0},{"id":2,"sLen":97.0000000001455,"time":108000,"type":0},{"id":0,"sLen":97,"time":108193.548387097,"type":0},{"id":1,"sLen":290.999999999985,"time":108387.096774194,"type":0},{"id":1,"sLen":291,"time":108967.741935484,"type":0},{"id":2,"sLen":0,"time":109548.387096774,"type":0},{"id":2,"sLen":0,"time":109741.935483871,"type":0},{"id":3,"sLen":0,"time":109935.483870968,"type":0},{"id":3,"sLen":0,"time":110129.032258065,"type":0},{"id":3,"sLen":97,"time":110322.580645161,"type":0},{"id":0,"sLen":0,"time":110516.129032258,"type":0},{"id":3,"sLen":194.000000000146,"time":110709.677419355,"type":0},{"id":1,"sLen":97.0000000001455,"time":111000,"type":0},{"id":1,"sLen":0,"time":111290.322580645,"type":0},{"id":1,"sLen":194,"time":111774.193548387,"type":0},{"id":0,"sLen":0,"time":112064.516129032,"type":0},{"id":1,"sLen":678.999999999985,"time":112258.064516129,"type":0},{"id":1,"sLen":194,"time":113322.580645161,"type":0},{"id":0,"sLen":0,"time":113612.903225807,"type":0},{"id":1,"sLen":679,"time":113806.451612903,"type":0},{"id":1,"sLen":193.99999999984,"time":114870.967741936,"type":0},{"id":0,"sLen":0,"time":115161.290322581,"type":0},{"id":1,"sLen":678.999999999985,"time":115354.838709678,"type":0},{"id":1,"sLen":290.999999999985,"time":117677.419354839,"type":0},{"id":1,"sLen":291,"time":118258.064516129,"type":0},{"id":3,"sLen":0,"time":118838.709677419,"type":0},{"id":3,"sLen":97,"time":119032.258064516,"type":0},{"id":1,"sLen":0,"time":119225.806451613,"type":0},{"id":0,"sLen":97,"time":119516.129032258,"type":0},{"id":1,"sLen":0,"time":119806.451612903,"type":0},{"id":0,"sLen":0,"time":120000,"type":0},{"id":0,"sLen":0,"time":120290.322580645,"type":0},{"id":2,"sLen":0,"time":120387.096774194,"type":0},{"id":3,"sLen":0,"time":120580.64516129,"type":0},{"id":3,"sLen":0,"time":120774.193548387,"type":0},{"id":1,"sLen":0,"time":120967.741935484,"type":0},{"id":2,"sLen":97,"time":121161.290322581,"type":0},{"id":3,"sLen":0,"time":121354.838709677,"type":0},{"id":1,"sLen":0,"time":121548.387096774,"type":0},{"id":2,"sLen":97,"time":121741.935483871,"type":0},{"id":3,"sLen":0,"time":121935.483870968,"type":0},{"id":1,"sLen":0,"time":122129.032258065,"type":0},{"id":2,"sLen":485.000000000015,"time":122322.580645161,"type":0},{"id":1,"sLen":485.000000000015,"time":122903.225806452,"type":0},{"id":3,"sLen":0,"time":123483.870967742,"type":0},{"id":0,"sLen":0,"time":123677.419354839,"type":0},{"id":3,"sLen":484.999999999985,"time":123870.967741936,"type":0}],"position":"dad","strumScale":1,"visible":true,"type":0,"characters":["deimos"],"strumPos":[0,25],"strumLinePos":0.25,"vocalsSuffix":""},{"notes":[{"id":1,"sLen":293,"time":9290.32258064516,"type":0},{"id":1,"sLen":291,"time":9870.96774193548,"type":0},{"id":3,"sLen":0,"time":10451.6129032258,"type":0},{"id":3,"sLen":0,"time":10645.1612903226,"type":0},{"id":0,"sLen":0,"time":10838.7096774194,"type":0},{"id":1,"sLen":0,"time":11129.0322580645,"type":0},{"id":0,"sLen":0,"time":11419.3548387097,"type":0},{"id":1,"sLen":0,"time":11612.9032258065,"type":0},{"id":1,"sLen":0,"time":11903.2258064516,"type":0},{"id":0,"sLen":0,"time":12000,"type":0},{"id":3,"sLen":194,"time":12193.5483870968,"type":0},{"id":0,"sLen":0,"time":12580.6451612903,"type":0},{"id":0,"sLen":0,"time":12967.7419354839,"type":0},{"id":1,"sLen":0,"time":13354.8387096774,"type":0},{"id":3,"sLen":0,"time":13548.3870967742,"type":0},{"id":0,"sLen":0,"time":13741.935483871,"type":0},{"id":1,"sLen":0,"time":14129.0322580645,"type":0},{"id":0,"sLen":96.9999999999964,"time":14516.1290322581,"type":0},{"id":1,"sLen":96.9999999999964,"time":14709.6774193548,"type":0},{"id":3,"sLen":96.9999999999982,"time":14903.2258064516,"type":0},{"id":1,"sLen":97,"time":15096.7741935484,"type":0},{"id":0,"sLen":97.0000000000018,"time":15290.3225806452,"type":0},{"id":2,"sLen":1067,"time":15483.8709677419,"type":0},{"id":1,"sLen":485,"time":16645.1612903226,"type":0},{"id":3,"sLen":485,"time":17225.8064516129,"type":0},{"id":1,"sLen":0,"time":17806.4516129032,"type":0},{"id":3,"sLen":0,"time":18000,"type":0},{"id":1,"sLen":0,"time":18193.5483870968,"type":0},{"id":0,"sLen":0,"time":18387.0967741935,"type":0},{"id":3,"sLen":1067,"time":18580.6451612903,"type":0},{"id":1,"sLen":485,"time":19741.935483871,"type":0},{"id":0,"sLen":388,"time":20322.5806451613,"type":0},{"id":0,"sLen":0,"time":20903.2258064516,"type":0},{"id":1,"sLen":0,"time":21096.7741935484,"type":0},{"id":3,"sLen":0,"time":21290.3225806452,"type":0},{"id":1,"sLen":0,"time":21483.8709677419,"type":0},{"id":0,"sLen":291,"time":21677.4193548387,"type":0},{"id":0,"sLen":0,"time":22258.064516129,"type":0},{"id":1,"sLen":0,"time":22451.6129032258,"type":0},{"id":1,"sLen":0,"time":22741.935483871,"type":0},{"id":1,"sLen":0,"time":23032.2580645161,"type":0},{"id":2,"sLen":291,"time":23225.8064516129,"type":0},{"id":3,"sLen":0,"time":23612.9032258065,"type":0},{"id":2,"sLen":0,"time":23806.4516129032,"type":0},{"id":0,"sLen":0,"time":24000,"type":0},{"id":0,"sLen":0,"time":24290.3225806452,"type":0},{"id":0,"sLen":0,"time":24580.6451612903,"type":0},{"id":3,"sLen":291,"time":24774.1935483871,"type":0},{"id":3,"sLen":0,"time":25354.8387096774,"type":0},{"id":0,"sLen":0,"time":25548.3870967742,"type":0},{"id":1,"sLen":0,"time":25838.7096774194,"type":0},{"id":1,"sLen":0,"time":26129.0322580645,"type":0},{"id":0,"sLen":0,"time":26322.5806451613,"type":0},{"id":1,"sLen":0,"time":26516.1290322581,"type":0},{"id":2,"sLen":96.9999999999745,"time":26709.6774193548,"type":0},{"id":0,"sLen":0,"time":26903.2258064516,"type":0},{"id":1,"sLen":0,"time":27096.7741935484,"type":0},{"id":2,"sLen":0,"time":27290.3225806452,"type":0},{"id":1,"sLen":291,"time":27483.8709677419,"type":0},{"id":2,"sLen":291,"time":34064.5161290323,"type":2},{"id":3,"sLen":97,"time":34451.6129032258,"type":0},{"id":0,"sLen":194,"time":34838.7096774194,"type":0},{"id":1,"sLen":97,"time":35225.8064516129,"type":0},{"id":3,"sLen":291,"time":35612.9032258065,"type":0},{"id":2,"sLen":0,"time":36000,"type":0},{"id":2,"sLen":97,"time":36193.5483870968,"type":0},{"id":1,"sLen":0,"time":36387.0967741936,"type":0},{"id":3,"sLen":0,"time":36580.6451612903,"type":0},{"id":0,"sLen":0,"time":36774.1935483871,"type":0},{"id":3,"sLen":0,"time":36967.7419354839,"type":0},{"id":0,"sLen":194,"time":37161.2903225807,"type":0},{"id":1,"sLen":194,"time":37451.6129032258,"type":0},{"id":3,"sLen":97,"time":37741.935483871,"type":0},{"id":0,"sLen":0,"time":37935.4838709677,"type":0},{"id":1,"sLen":0,"time":38129.0322580645,"type":0},{"id":3,"sLen":0,"time":38322.5806451613,"type":0},{"id":1,"sLen":0,"time":38516.1290322581,"type":0},{"id":0,"sLen":291,"time":38709.6774193548,"type":0},{"id":1,"sLen":0,"time":39096.7741935484,"type":0},{"id":1,"sLen":0,"time":39290.3225806452,"type":0},{"id":0,"sLen":0,"time":39483.8709677419,"type":0},{"id":1,"sLen":97,"time":39677.4193548387,"type":0},{"id":3,"sLen":97,"time":39870.9677419355,"type":0},{"id":1,"sLen":97,"time":40064.5161290323,"type":0},{"id":1,"sLen":0,"time":40258.064516129,"type":0},{"id":1,"sLen":0,"time":40645.1612903226,"type":0},{"id":1,"sLen":0,"time":41032.2580645161,"type":0},{"id":1,"sLen":0,"time":41322.5806451613,"type":0},{"id":1,"sLen":0,"time":41612.9032258065,"type":0},{"id":1,"sLen":0,"time":41806.4516129032,"type":0},{"id":1,"sLen":0,"time":42193.5483870968,"type":0},{"id":1,"sLen":0,"time":42580.6451612903,"type":0},{"id":1,"sLen":0,"time":42870.9677419355,"type":0},{"id":2,"sLen":0,"time":42967.7419354839,"type":0},{"id":2,"sLen":0,"time":43161.2903225807,"type":0},{"id":0,"sLen":0,"time":43354.8387096774,"type":2},{"id":1,"sLen":0,"time":43741.935483871,"type":0},{"id":1,"sLen":0,"time":44129.0322580645,"type":0},{"id":1,"sLen":0,"time":44419.3548387097,"type":0},{"id":1,"sLen":0,"time":44709.6774193549,"type":0},{"id":1,"sLen":0,"time":44903.2258064516,"type":0},{"id":1,"sLen":0,"time":45290.3225806452,"type":0},{"id":1,"sLen":0,"time":45677.4193548387,"type":0},{"id":1,"sLen":0,"time":45967.7419354839,"type":0},{"id":2,"sLen":0,"time":46064.5161290323,"type":0},{"id":2,"sLen":0,"time":46258.0645161291,"type":0},{"id":0,"sLen":0,"time":46451.6129032258,"type":2},{"id":1,"sLen":0,"time":46838.7096774194,"type":0},{"id":3,"sLen":0,"time":47032.2580645162,"type":0},{"id":3,"sLen":0,"time":47129.0322580645,"type":0},{"id":1,"sLen":0,"time":47225.8064516129,"type":0},{"id":3,"sLen":0,"time":47419.3548387097,"type":0},{"id":1,"sLen":291,"time":47612.9032258065,"type":0},{"id":2,"sLen":0,"time":48000,"type":0},{"id":1,"sLen":0,"time":48193.5483870968,"type":0},{"id":1,"sLen":0,"time":48290.3225806452,"type":0},{"id":1,"sLen":0,"time":48387.0967741936,"type":0},{"id":3,"sLen":0,"time":48580.6451612904,"type":0},{"id":3,"sLen":0,"time":48677.4193548387,"type":0},{"id":1,"sLen":0,"time":48774.1935483871,"type":0},{"id":3,"sLen":0,"time":48967.7419354839,"type":0},{"id":1,"sLen":291,"time":49161.2903225807,"type":0},{"id":1,"sLen":0,"time":49548.3870967742,"type":0},{"id":1,"sLen":0,"time":49741.935483871,"type":0},{"id":2,"sLen":0,"time":49935.4838709678,"type":0},{"id":2,"sLen":0,"time":50129.0322580646,"type":0},{"id":2,"sLen":0,"time":50225.8064516129,"type":0},{"id":1,"sLen":0,"time":50322.5806451613,"type":0},{"id":3,"sLen":0,"time":50516.1290322581,"type":0},{"id":1,"sLen":291,"time":50709.6774193549,"type":0},{"id":1,"sLen":0,"time":51096.7741935484,"type":0},{"id":1,"sLen":0,"time":51290.3225806452,"type":0},{"id":3,"sLen":0,"time":51483.870967742,"type":0},{"id":1,"sLen":0,"time":51677.4193548387,"type":0},{"id":1,"sLen":0,"time":51774.1935483871,"type":0},{"id":0,"sLen":0,"time":51870.9677419355,"type":0},{"id":1,"sLen":97,"time":52064.5161290323,"type":0},{"id":3,"sLen":97.0000000000073,"time":52258.0645161291,"type":0},{"id":2,"sLen":872.999999999993,"time":52451.6129032258,"type":0},{"id":0,"sLen":0,"time":59225.806451613,"type":0},{"id":0,"sLen":0,"time":59322.5806451613,"type":0},{"id":1,"sLen":0,"time":59419.3548387097,"type":0},{"id":3,"sLen":193.999999999993,"time":59612.9032258065,"type":0},{"id":1,"sLen":0,"time":60000.0000000001,"type":0},{"id":1,"sLen":0,"time":60096.7741935484,"type":0},{"id":0,"sLen":0,"time":60193.5483870968,"type":0},{"id":3,"sLen":97.0000000000073,"time":60387.0967741936,"type":0},{"id":1,"sLen":97.0000000000146,"time":60580.6451612904,"type":0},{"id":0,"sLen":0,"time":60774.1935483871,"type":0},{"id":0,"sLen":0,"time":60870.9677419355,"type":0},{"id":1,"sLen":0,"time":60967.7419354839,"type":0},{"id":3,"sLen":96.99999999992,"time":61161.2903225807,"type":0},{"id":1,"sLen":97.0000000000728,"time":61354.8387096775,"type":0},{"id":2,"sLen":97.0000000000073,"time":61548.3870967742,"type":0},{"id":0,"sLen":97,"time":61741.935483871,"type":0},{"id":3,"sLen":0,"time":61935.4838709678,"type":0},{"id":1,"sLen":0,"time":62129.0322580646,"type":0},{"id":2,"sLen":96.99999999992,"time":62322.5806451613,"type":0},{"id":3,"sLen":0,"time":62516.1290322581,"type":0},{"id":1,"sLen":0,"time":62709.6774193549,"type":0},{"id":2,"sLen":97.0000000000728,"time":62903.2258064517,"type":0},{"id":3,"sLen":0,"time":63096.7741935484,"type":0},{"id":1,"sLen":0,"time":63290.3225806452,"type":0},{"id":1,"sLen":0,"time":63483.870967742,"type":0},{"id":2,"sLen":388.00000000008,"time":63580.6451612904,"type":0},{"id":3,"sLen":485,"time":64064.5161290323,"type":0},{"id":3,"sLen":0,"time":64354.8387096775,"type":0},{"id":0,"sLen":0,"time":64645.1612903226,"type":0},{"id":1,"sLen":0,"time":64838.7096774194,"type":0},{"id":3,"sLen":485,"time":65032.2580645162,"type":0},{"id":3,"sLen":97,"time":70451.6129032259,"type":0},{"id":0,"sLen":0,"time":70645.1612903226,"type":0},{"id":2,"sLen":97,"time":70838.7096774194,"type":0},{"id":3,"sLen":0,"time":71032.2580645162,"type":0},{"id":1,"sLen":0,"time":71129.0322580646,"type":0},{"id":0,"sLen":97,"time":71225.806451613,"type":0},{"id":1,"sLen":98,"time":71419.3548387098,"type":0},{"id":2,"sLen":291,"time":71612.9032258065,"type":0},{"id":3,"sLen":291,"time":72000.0000000001,"type":0},{"id":0,"sLen":291,"time":72387.0967741936,"type":0},{"id":1,"sLen":291,"time":72774.1935483872,"type":0},{"id":0,"sLen":291,"time":73161.2903225807,"type":0},{"id":3,"sLen":291,"time":73548.3870967743,"type":0},{"id":0,"sLen":0,"time":73935.4838709678,"type":0},{"id":1,"sLen":485,"time":74129.0322580646,"type":0},{"id":3,"sLen":0,"time":74709.6774193549,"type":0},{"id":0,"sLen":388,"time":74903.2258064517,"type":0},{"id":2,"sLen":0,"time":75483.870967742,"type":0},{"id":3,"sLen":485,"time":75677.4193548388,"type":0},{"id":0,"sLen":0,"time":76258.0645161291,"type":0},{"id":3,"sLen":0,"time":76354.8387096775,"type":0},{"id":0,"sLen":0,"time":76451.6129032259,"type":0},{"id":3,"sLen":0,"time":76548.3870967743,"type":0},{"id":1,"sLen":0,"time":76645.1612903227,"type":0},{"id":2,"sLen":0,"time":76838.7096774194,"type":0},{"id":3,"sLen":0,"time":76935.4838709678,"type":0},{"id":0,"sLen":0,"time":77032.2580645162,"type":0},{"id":2,"sLen":97,"time":77225.806451613,"type":0},{"id":3,"sLen":97,"time":87096.7741935485,"type":0},{"id":0,"sLen":291,"time":87483.870967742,"type":0},{"id":1,"sLen":97,"time":87870.9677419356,"type":0},{"id":0,"sLen":291,"time":88258.0645161291,"type":0},{"id":2,"sLen":0,"time":88645.1612903227,"type":0},{"id":2,"sLen":97,"time":88838.7096774195,"type":0},{"id":1,"sLen":0,"time":89032.2580645162,"type":0},{"id":2,"sLen":0,"time":89225.806451613,"type":0},{"id":0,"sLen":0,"time":89419.3548387098,"type":0},{"id":3,"sLen":0,"time":89612.9032258066,"type":0},{"id":0,"sLen":194,"time":89806.4516129033,"type":0},{"id":1,"sLen":194,"time":90096.7741935485,"type":0},{"id":3,"sLen":97,"time":90387.0967741937,"type":0},{"id":1,"sLen":0,"time":90580.6451612904,"type":0},{"id":2,"sLen":0,"time":90774.1935483872,"type":0},{"id":0,"sLen":0,"time":90967.741935484,"type":0},{"id":3,"sLen":0,"time":91161.2903225808,"type":0},{"id":0,"sLen":291,"time":91354.8387096775,"type":0},{"id":1,"sLen":0,"time":91741.9354838711,"type":0},{"id":1,"sLen":0,"time":91935.4838709679,"type":0},{"id":0,"sLen":0,"time":92129.0322580646,"type":0},{"id":1,"sLen":97,"time":92322.5806451614,"type":0},{"id":3,"sLen":97,"time":92516.1290322582,"type":0},{"id":1,"sLen":97,"time":92709.677419355,"type":0},{"id":2,"sLen":291,"time":92903.2258064517,"type":0},{"id":1,"sLen":291,"time":93290.3225806453,"type":0},{"id":0,"sLen":291,"time":93677.4193548388,"type":0},{"id":1,"sLen":291,"time":94064.5161290324,"type":0},{"id":3,"sLen":291,"time":94451.6129032259,"type":0},{"id":1,"sLen":291,"time":94838.7096774195,"type":0},{"id":0,"sLen":291,"time":95225.806451613,"type":0},{"id":1,"sLen":291,"time":95612.9032258066,"type":0},{"id":2,"sLen":0,"time":96000.0000000001,"type":0},{"id":3,"sLen":194,"time":96096.7741935485,"type":0},{"id":1,"sLen":291,"time":96387.0967741937,"type":0},{"id":0,"sLen":291,"time":96774.1935483872,"type":0},{"id":1,"sLen":0,"time":97161.2903225808,"type":0},{"id":1,"sLen":0,"time":97354.8387096776,"type":0},{"id":1,"sLen":0,"time":97451.6129032259,"type":0},{"id":0,"sLen":194,"time":97548.3870967743,"type":0},{"id":1,"sLen":194,"time":97838.7096774195,"type":0},{"id":3,"sLen":97,"time":98129.0322580646,"type":0},{"id":1,"sLen":194,"time":98322.5806451614,"type":0},{"id":0,"sLen":194,"time":98612.9032258066,"type":0},{"id":1,"sLen":97,"time":98903.2258064518,"type":0},{"id":2,"sLen":0,"time":99096.7741935485,"type":0},{"id":1,"sLen":194,"time":99193.5483870969,"type":0},{"id":0,"sLen":291.000000000015,"time":99483.8709677421,"type":0},{"id":3,"sLen":290.999999999985,"time":99870.9677419356,"type":0},{"id":1,"sLen":291,"time":100258.064516129,"type":0},{"id":1,"sLen":0,"time":100645.161290323,"type":0},{"id":1,"sLen":0,"time":100838.709677419,"type":0},{"id":2,"sLen":97.0000000000146,"time":101032.258064516,"type":0},{"id":1,"sLen":97,"time":101225.806451613,"type":0},{"id":0,"sLen":291,"time":101419.35483871,"type":0},{"id":1,"sLen":0,"time":101806.451612903,"type":0},{"id":3,"sLen":0,"time":102000,"type":0},{"id":3,"sLen":0,"time":102096.774193549,"type":0},{"id":2,"sLen":0,"time":102193.548387097,"type":0},{"id":1,"sLen":194.000000000029,"time":102290.322580645,"type":0},{"id":0,"sLen":290.99999999984,"time":102580.64516129,"type":0},{"id":3,"sLen":291,"time":102967.741935484,"type":0},{"id":1,"sLen":0,"time":103354.838709678,"type":0},{"id":1,"sLen":0,"time":103548.387096774,"type":0},{"id":1,"sLen":0,"time":103645.161290323,"type":0},{"id":3,"sLen":291.000000000015,"time":103741.935483871,"type":0},{"id":1,"sLen":291,"time":104129.032258065,"type":0},{"id":0,"sLen":290.999999999985,"time":104516.129032258,"type":0},{"id":2,"sLen":291,"time":104903.225806452,"type":0},{"id":3,"sLen":1455.00000000015,"time":105290.322580645,"type":0},{"id":1,"sLen":0,"time":111870.967741936,"type":0},{"id":1,"sLen":0,"time":111967.741935484,"type":0},{"id":3,"sLen":0,"time":112064.516129032,"type":0},{"id":0,"sLen":194,"time":112258.064516129,"type":0},{"id":1,"sLen":0,"time":112645.161290323,"type":0},{"id":1,"sLen":0,"time":112741.935483871,"type":0},{"id":3,"sLen":0,"time":112838.70967742,"type":0},{"id":0,"sLen":97,"time":113032.258064516,"type":0},{"id":1,"sLen":97,"time":113225.806451613,"type":0},{"id":3,"sLen":0,"time":113419.35483871,"type":0},{"id":3,"sLen":0,"time":113516.129032258,"type":0},{"id":1,"sLen":0,"time":113612.903225807,"type":0},{"id":0,"sLen":97,"time":113806.451612903,"type":0},{"id":1,"sLen":97.0000000001455,"time":114000,"type":0},{"id":2,"sLen":97,"time":114193.548387097,"type":0},{"id":3,"sLen":97,"time":114387.096774194,"type":0},{"id":3,"sLen":0,"time":114580.64516129,"type":0},{"id":1,"sLen":0,"time":114774.193548387,"type":0},{"id":2,"sLen":97,"time":114967.741935484,"type":0},{"id":3,"sLen":0,"time":115161.290322581,"type":0},{"id":1,"sLen":0,"time":115354.838709678,"type":0},{"id":2,"sLen":97,"time":115548.387096774,"type":0},{"id":3,"sLen":0,"time":115741.935483871,"type":0},{"id":1,"sLen":0,"time":115935.483870968,"type":0},{"id":2,"sLen":485,"time":116129.032258065,"type":0},{"id":0,"sLen":485.000000000029,"time":116709.677419355,"type":0},{"id":3,"sLen":0,"time":117290.322580645,"type":0},{"id":1,"sLen":0,"time":117483.870967742,"type":0},{"id":0,"sLen":1067,"time":117677.419354839,"type":0},{"id":3,"sLen":484.999999999985,"time":118838.70967742,"type":0},{"id":1,"sLen":97,"time":119225.806451613,"type":0},{"id":0,"sLen":487,"time":119419.35483871,"type":0},{"id":1,"sLen":97,"time":120000,"type":0},{"id":3,"sLen":0,"time":120193.548387097,"type":0},{"id":1,"sLen":97,"time":120387.096774194,"type":0},{"id":2,"sLen":97.0000000001455,"time":120580.645161291,"type":0},{"id":3,"sLen":1067,"time":120774.193548387,"type":0},{"id":2,"sLen":485.000000000146,"time":121935.483870968,"type":0},{"id":1,"sLen":97,"time":122322.580645161,"type":0},{"id":0,"sLen":484.999999999985,"time":122516.129032258,"type":0},{"id":2,"sLen":96.9999999998399,"time":123096.774193549,"type":0},{"id":1,"sLen":97.0000000001455,"time":123290.322580645,"type":0},{"id":3,"sLen":97,"time":123483.870967742,"type":0},{"id":1,"sLen":97,"time":123677.419354839,"type":0},{"id":0,"sLen":290.99999999984,"time":123870.967741936,"type":0},{"id":0,"sLen":290.999999999985,"time":124451.612903226,"type":0},{"id":3,"sLen":0,"time":125032.258064516,"type":0},{"id":3,"sLen":97.0000000000146,"time":125225.806451613,"type":0},{"id":0,"sLen":97,"time":125419.35483871,"type":0},{"id":1,"sLen":96.9999999998399,"time":125709.677419355,"type":0},{"id":0,"sLen":0,"time":126000,"type":0},{"id":1,"sLen":97,"time":126193.548387097,"type":0},{"id":1,"sLen":0,"time":126483.870967742,"type":0},{"id":2,"sLen":0,"time":126580.645161291,"type":0},{"id":3,"sLen":291,"time":126774.193548387,"type":0},{"id":0,"sLen":0,"time":127161.290322581,"type":0},{"id":0,"sLen":0,"time":127548.387096774,"type":0},{"id":1,"sLen":0,"time":127935.483870968,"type":0},{"id":3,"sLen":0,"time":128129.032258065,"type":0},{"id":1,"sLen":0,"time":128322.580645161,"type":0},{"id":0,"sLen":96.9999999998399,"time":128709.677419355,"type":0},{"id":2,"sLen":96.999999999869,"time":129096.774193549,"type":0},{"id":1,"sLen":97,"time":129290.322580645,"type":0},{"id":3,"sLen":97,"time":129483.870967742,"type":0},{"id":1,"sLen":97,"time":129677.419354839,"type":0},{"id":0,"sLen":97,"time":129870.967741936,"type":0},{"id":2,"sLen":0,"time":130064.516129032,"type":2}],"position":"boyfriend","strumScale":1,"visible":true,"type":1,"characters":["bf"],"strumPos":[0,25],"strumLinePos":0.75,"vocalsSuffix":""},{"notes":[],"position":"girlfriend","strumScale":1,"visible":false,"type":2,"characters":["sanford-speaker"],"strumPos":[0,50],"strumLinePos":0.25,"vocalsSuffix":""}],"codenameChart":true,"stage":"deimos","noteTypes":["No Animation","Hey!","Alt Animation"]}