{"AN":{"N":"RECOVER_RECOVER_RECOVER_bf fnp fr this time","SN":"!master","TL":{"L":[{"LN":"Layer_1","FR":[{"I":0,"DU":1,"E":[{"SI":{"SN":"hey","IN":"","ST":"G","FF":0,"LP":"LP","TRP":{"x":179.10000000000002,"y":266.25},"M3D":[1,0,0,0,0,1,0,0,0,0,1,0,-267.85,-246.95,0,1]}},{"SI":{"SN":"idle","IN":"","ST":"G","FF":0,"LP":"LP","TRP":{"x":200.05,"y":253.10000000000002},"M3D":[1,0,0,0,0,1,0,0,0,0,1,0,-267.85,-246.95,0,1]}},{"SI":{"SN":"dM","IN":"","ST":"G","FF":0,"LP":"LP","TRP":{"x":116.85000000000001,"y":208.95000000000002},"M3D":[1,0,0,0,0,1,0,0,0,0,1,0,-267.85,-246.95,0,1]}},{"SI":{"SN":"lM","IN":"","ST":"G","FF":0,"LP":"LP","TRP":{"x":121.2,"y":271.8},"M3D":[1,0,0,0,0,1,0,0,0,0,1,0,-267.85,-246.95,0,1]}},{"SI":{"SN":"rM","IN":"","ST":"G","FF":0,"LP":"LP","TRP":{"x":257.7,"y":252},"M3D":[1,0,0,0,0,1,0,0,0,0,1,0,-267.85,-246.95,0,1]}},{"SI":{"SN":"uM","IN":"","ST":"G","FF":0,"LP":"LP","TRP":{"x":181,"y":184.8},"M3D":[1,0,0,0,0,1,0,0,0,0,1,0,-267.85,-246.95,0,1]}},{"SI":{"SN":"anim","IN":"","ST":"G","FF":0,"LP":"LP","TRP":{"x":113.4,"y":254.15},"M3D":[1,0,0,0,0,1,0,0,0,0,1,0,-267.85,-246.95,0,1]}},{"SI":{"SN":"down","IN":"","ST":"G","FF":0,"LP":"LP","TRP":{"x":119.55,"y":199.25},"M3D":[1,0,0,0,0,1,0,0,0,0,1,0,-267.85,-246.95,0,1]}},{"SI":{"SN":"left","IN":"","ST":"G","FF":0,"LP":"LP","TRP":{"x":110.45,"y":270},"M3D":[1,0,0,0,0,1,0,0,0,0,1,0,-267.85,-246.95,0,1]}},{"SI":{"SN":"up","IN":"","ST":"G","FF":0,"LP":"LP","TRP":{"x":183.85,"y":185},"M3D":[1,0,0,0,0,1,0,0,0,0,1,0,-267.85,-246.95,0,1]}},{"SI":{"SN":"right","IN":"","ST":"G","FF":0,"LP":"LP","TRP":{"x":265.25,"y":245.35},"M3D":[1,0,0,0,0,1,0,0,0,0,1,0,-267.85,-246.95,0,1]}}]}]}]}},"SD":{"S":[{"SN":"hey","TL":{"L":[{"LN":"bf_idle_hand","FR":[{"I":0,"DU":2,"E":[{"SI":{"SN":"bf HEY hand","IN":"","ST":"G","FF":0,"LP":"LP","TRP":{"x":54.35,"y":26.900000000000002},"M3D":[1.0439300537109375,0.19195556640625,0,0,-0.2086029052734375,1.13433837890625,0,0,0,0,1,0,0.15,170,0,1]}}]},{"I":2,"DU":2,"E":[{"SI":{"SN":"bf HEY hand","IN":"","ST":"G","FF":0,"LP":"LP","TRP":{"x":54.25,"y":27},"M3D":[1.074676513671875,-0.15509033203125,0,0,0.14013671875,0.970977783203125,0,0,0,0,1,0,-2.95,196.65,0,1]}}]},{"I":4,"DU":10,"E":[{"SI":{"SN":"bf HEY hand","IN":"","ST":"G","FF":0,"LP":"LP","TRP":{"x":54.300000000000004,"y":26.95},"M3D":[0.9993743896484375,-0.0352020263671875,0,0,0.0352020263671875,0.9993743896484375,0,0,0,0,1,0,1.45,188.35,0,1]}}]}]},{"LN":"bf_idle_hand_mic","FR":[{"I":0,"DU":2,"E":[{"SI":{"SN":"bf HEY hand mic","IN":"","ST":"G","FF":0,"LP":"LP","TRP":{"x":78.55,"y":52.75},"M3D":[0.982635498046875,-0.08587646484375,0,0,0.08587646484375,0.982635498046875,0,0,0,0,1,0,136.9,307.7,0,1]}}]},{"I":2,"DU":2,"E":[{"SI":{"SN":"bf HEY hand mic","IN":"","ST":"G","FF":0,"LP":"LP","TRP":{"x":78.60000000000001,"y":52.75},"M3D":[0.9789886474609375,0.0636138916015625,0,0,-0.0636138916015625,0.9789886474609375,0,0,0,0,1,0,156,283.15,0,1]}}]},{"I":4,"DU":10,"E":[{"SI":{"SN":"bf HEY hand mic","IN":"","ST":"G","FF":0,"LP":"LP","TRP":{"x":78.55,"y":52.65},"M3D":[1,0,0,0,0,1,0,0,0,0,1,0,147.25,293.15,0,1]}}]}]},{"LN":"grunt_bee_eff_idle_head","FR":[{"I":0,"DU":1,"E":[{"SI":{"SN":"grunt bee eff head looking forward","IN":"","ST":"G","FF":0,"LP":"SF","TRP":{"x":175.10000000000002,"y":232.3},"M3D":[1.03399658203125,-0.1450042724609375,0,0,0.1450042724609375,1.03399658203125,0,0,0,0,1,0,-15.3,17.9,0,1]}}]},{"I":1,"DU":1,"E":[{"SI":{"SN":"grunt bee eff head looking forward","IN":"","ST":"G","FF":0,"LP":"SF","TRP":{"x":175.1,"y":232.3},"M3D":[1.03399658203125,-0.1450042724609375,0,0,0.1450042724609375,1.03399658203125,0,0,0,0,1,0,-15.3,17.9,0,1]}}]},{"I":2,"DU":1,"E":[{"SI":{"SN":"grunt bee eff head looking forward","IN":"","ST":"G","FF":0,"LP":"SF","TRP":{"x":175.20000000000002,"y":232.45000000000002},"M3D":[0.917022705078125,-0.0326690673828125,0,0,0.0326690673828125,0.917022705078125,0,0,0,0,1,0,14.35,27.5,0,1]}}]},{"I":3,"DU":1,"E":[{"SI":{"SN":"grunt bee eff head looking forward","IN":"","ST":"G","FF":0,"LP":"SF","TRP":{"x":175.2,"y":232.45},"M3D":[0.917022705078125,-0.0326690673828125,0,0,0.0326690673828125,0.917022705078125,0,0,0,0,1,0,14.35,27.5,0,1]}}]},{"I":4,"DU":1,"E":[{"SI":{"SN":"grunt bee eff head looking forward","IN":"","ST":"G","FF":1,"LP":"SF","TRP":{"x":175.20000000000002,"y":232.25},"M3D":[0.9944915771484375,-0.1046600341796875,0,0,0.1046600341796875,0.9944915771484375,0,0,0,0,1,0,-4.3,21.5,0,1]}}]},{"I":5,"DU":1,"E":[{"SI":{"SN":"grunt bee eff head looking forward","IN":"","ST":"G","FF":1,"LP":"SF","TRP":{"x":175.2,"y":232.25},"M3D":[0.9944915771484375,-0.1046600341796875,0,0,0.1046600341796875,0.9944915771484375,0,0,0,0,1,0,-4.3,21.5,0,1]}}]},{"I":6,"DU":1,"E":[{"SI":{"SN":"grunt bee eff head looking forward","IN":"","ST":"G","FF":1,"LP":"SF","TRP":{"x":175.2,"y":232.25},"M3D":[0.9944915771484375,-0.1046600341796875,0,0,0.1046600341796875,0.9944915771484375,0,0,0,0,1,0,-4.3,21.5,0,1]}}]},{"I":7,"DU":1,"E":[{"SI":{"SN":"grunt bee eff head looking forward","IN":"","ST":"G","FF":1,"LP":"SF","TRP":{"x":175.2,"y":232.25},"M3D":[0.9944915771484375,-0.1046600341796875,0,0,0.1046600341796875,0.9944915771484375,0,0,0,0,1,0,-4.3,21.5,0,1]}}]},{"I":8,"DU":1,"E":[{"SI":{"SN":"grunt bee eff head looking forward","IN":"","ST":"G","FF":1,"LP":"SF","TRP":{"x":175.2,"y":232.25},"M3D":[0.9944915771484375,-0.1046600341796875,0,0,0.1046600341796875,0.9944915771484375,0,0,0,0,1,0,-4.3,21.5,0,1]}}]},{"I":9,"DU":1,"E":[{"SI":{"SN":"grunt bee eff head looking forward","IN":"","ST":"G","FF":1,"LP":"SF","TRP":{"x":175.2,"y":232.25},"M3D":[0.9944915771484375,-0.1046600341796875,0,0,0.1046600341796875,0.9944915771484375,0,0,0,0,1,0,-4.3,21.5,0,1]}}]},{"I":10,"DU":1,"E":[{"SI":{"SN":"grunt bee eff head looking forward","IN":"","ST":"G","FF":1,"LP":"SF","TRP":{"x":175.2,"y":232.25},"M3D":[0.9944915771484375,-0.1046600341796875,0,0,0.1046600341796875,0.9944915771484375,0,0,0,0,1,0,-4.3,21.5,0,1]}}]},{"I":11,"DU":1,"E":[{"SI":{"SN":"grunt bee eff head looking forward","IN":"","ST":"G","FF":1,"LP":"SF","TRP":{"x":175.2,"y":232.25},"M3D":[0.9944915771484375,-0.1046600341796875,0,0,0.1046600341796875,0.9944915771484375,0,0,0,0,1,0,-4.3,21.5,0,1]}}]},{"I":12,"DU":1,"E":[{"SI":{"SN":"grunt bee eff head looking forward","IN":"","ST":"G","FF":1,"LP":"SF","TRP":{"x":175.2,"y":232.25},"M3D":[0.9944915771484375,-0.1046600341796875,0,0,0.1046600341796875,0.9944915771484375,0,0,0,0,1,0,-4.3,21.5,0,1]}}]},{"I":13,"DU":1,"E":[{"SI":{"SN":"grunt bee eff head looking forward","IN":"","ST":"G","FF":1,"LP":"SF","TRP":{"x":175.2,"y":232.25},"M3D":[0.9944915771484375,-0.1046600341796875,0,0,0.1046600341796875,0.9944915771484375,0,0,0,0,1,0,-4.3,21.5,0,1]}}]}]},{"LN":"bf_idle_body","FR":[{"I":0,"DU":2,"E":[{"SI":{"SN":"bf idle body","IN":"","ST":"G","FF":0,"LP":"LP","TRP":{"x":161,"y":255.4},"M3D":[1.04412841796875,0,0,0,-0.0910491943359375,1.0676422119140625,0,0,0,0,1,0,54.7,135.9,0,1]}}]},{"I":2,"DU":2,"E":[{"SI":{"SN":"bf idle body","IN":"","ST":"G","FF":0,"LP":"LP","TRP":{"x":161.05,"y":255.45000000000002},"M3D":[0.9810638427734375,0,0,0,-0.0377960205078125,1.0031585693359375,0,0,0,0,1,0,44.1,143.85,0,1]}}]},{"I":4,"DU":10,"E":[{"SI":{"SN":"bf idle body","IN":"","ST":"G","FF":0,"LP":"LP","TRP":{"x":160.95000000000002,"y":255.35},"M3D":[1,0,0,0,-0.062225341796875,1.02252197265625,0,0,0,0,1,0,50.5,141.5,0,1]}}]}]}]}},{"SN":"bf HEY hand","TL":{"L":[{"LN":"Layer_3","FR":[{"I":0,"DU":1,"E":[{"ASI":{"N":"0000","M3D":[0.86700439453125,0,0,0,0,0.86700439453125,0,0,0,0,1,0,5.2,-41.6,0,1]}}]}]}]}},{"SN":"bf HEY hand mic","TL":{"L":[{"LN":"Layer_3","FR":[{"I":0,"DU":1,"E":[{"ASI":{"N":"0001","M3D":[1,0,0,0,0,1,0,0,0,0,1,0,-45,-3,0,1]}}]}]}]}},{"SN":"grunt bee eff head looking forward","TL":{"L":[{"LN":"Layer_4","FR":[{"I":0,"DU":1,"E":[{"ASI":{"N":"0003","M3D":[0.9577484130859375,0,0,0,0,0.9577484130859375,0,0,0,0,1,0,112.05,105.35,0,1]}}]},{"I":1,"DU":1,"E":[{"ASI":{"N":"0004","M3D":[0.9577484130859375,0,0,0,0,0.9577484130859375,0,0,0,0,1,0,110.1,129.25,0,1]}}]}]},{"LN":"Layer_3","FR":[{"I":0,"DU":2,"E":[{"ASI":{"N":"0005","M3D":[0.9577484130859375,0,0,0,0,0.9577484130859375,0,0,0,0,1,0,0.95,15.3,0,1]}}]}]}]}},{"SN":"bf idle body","TL":{"L":[{"LN":"Layer_2","FR":[{"I":0,"DU":1,"E":[{"ASI":{"N":"0002","M3D":[0.9332275390625,0,0,0,0,0.9332275390625,0,0,0,0,1,0,0,35.45,0,1]}}]}]}]}},{"SN":"idle","TL":{"L":[{"LN":"bf_idle_hand_mic","FR":[{"I":0,"DU":2,"E":[{"SI":{"SN":"bf idle hand mic","IN":"","ST":"G","FF":0,"LP":"LP","TRP":{"x":50.95,"y":27.35},"M3D":[0.987823486328125,-0.15557861328125,0,0,0.15557861328125,0.987823486328125,0,0,0,0,1,0,291.15,334.95,0,1]}}]},{"I":2,"DU":2,"E":[{"SI":{"SN":"bf idle hand mic","IN":"","ST":"G","FF":0,"LP":"LP","TRP":{"x":51,"y":27.35},"M3D":[0.97918701171875,-0.202880859375,0,0,0.202880859375,0.97918701171875,0,0,0,0,1,0,291.1,341.55,0,1]}}]},{"I":4,"DU":2,"E":[{"SI":{"SN":"bf idle hand mic","IN":"","ST":"G","FF":0,"LP":"LP","TRP":{"x":51,"y":27.35},"M3D":[0.994598388671875,-0.103790283203125,0,0,0.103790283203125,0.994598388671875,0,0,0,0,1,0,280.25,334.5,0,1]}}]},{"I":6,"DU":2,"E":[{"SI":{"SN":"bf idle hand mic","IN":"","ST":"G","FF":0,"LP":"LP","TRP":{"x":50.95,"y":27.35},"M3D":[1,0,0,0,0,1,0,0,0,0,1,0,266.8,325.05,0,1]}}]},{"I":8,"DU":2,"E":[{"SI":{"SN":"bf idle hand mic","IN":"","ST":"G","FF":0,"LP":"LP","TRP":{"x":50.95,"y":27.35},"M3D":[1,0,0,0,0,1,0,0,0,0,1,0,266.8,322.65,0,1]}}]},{"I":10,"DU":4,"E":[{"SI":{"SN":"bf idle hand mic","IN":"","ST":"G","FF":0,"LP":"LP","TRP":{"x":50.95,"y":27.35},"M3D":[1,0,0,0,0,1,0,0,0,0,1,0,267.6,321.85,0,1]}}]}]},{"LN":"grunt_bee_eff_idle_head","FR":[{"I":0,"DU":1,"E":[{"SI":{"SN":"grunt bee eff idle head","IN":"","ST":"G","FF":1,"LP":"SF","TRP":{"x":175.15,"y":232.25},"M3D":[0.999755859375,0.021392822265625,0,0,-0.021392822265625,0.999755859375,0,0,0,0,1,0,-16.5,2.05,0,1]}}]},{"I":1,"DU":1,"E":[{"SI":{"SN":"grunt bee eff idle head","IN":"","ST":"G","FF":1,"LP":"SF","TRP":{"x":175.15,"y":232.25},"M3D":[0.999755859375,0.021392822265625,0,0,-0.021392822265625,0.999755859375,0,0,0,0,1,0,-16.5,2.05,0,1]}}]},{"I":2,"DU":1,"E":[{"SI":{"SN":"grunt bee eff idle head","IN":"","ST":"G","FF":1,"LP":"SF","TRP":{"x":175.10000000000002,"y":232.35},"M3D":[0.9940185546875,-0.10906982421875,0,0,0.10906982421875,0.9940185546875,0,0,0,0,1,0,-34.55,36.6,0,1]}}]},{"I":3,"DU":1,"E":[{"SI":{"SN":"grunt bee eff idle head","IN":"","ST":"G","FF":1,"LP":"SF","TRP":{"x":175.1,"y":232.35},"M3D":[0.9940185546875,-0.10906982421875,0,0,0.10906982421875,0.9940185546875,0,0,0,0,1,0,-34.55,36.6,0,1]}}]},{"I":4,"DU":1,"E":[{"SI":{"SN":"grunt bee eff idle head","IN":"","ST":"G","FF":1,"LP":"SF","TRP":{"x":175.05,"y":232.35},"M3D":[0.991455078125,-0.13031005859375,0,0,0.13031005859375,0.991455078125,0,0,0,0,1,0,-34.6,39.35,0,1]}}]},{"I":5,"DU":1,"E":[{"SI":{"SN":"grunt bee eff idle head","IN":"","ST":"G","FF":1,"LP":"SF","TRP":{"x":175.05,"y":232.35},"M3D":[0.991455078125,-0.13031005859375,0,0,0.13031005859375,0.991455078125,0,0,0,0,1,0,-34.6,39.35,0,1]}}]},{"I":6,"DU":1,"E":[{"SI":{"SN":"grunt bee eff idle head","IN":"","ST":"G","FF":0,"LP":"SF","TRP":{"x":174.95000000000002,"y":232.35},"M3D":[0.9896240234375,-0.14324951171875,0,0,0.14324951171875,0.9896240234375,0,0,0,0,1,0,-29.6,26.05,0,1]}}]},{"I":7,"DU":1,"E":[{"SI":{"SN":"grunt bee eff idle head","IN":"","ST":"G","FF":0,"LP":"SF","TRP":{"x":174.95,"y":232.35},"M3D":[0.9896240234375,-0.14324951171875,0,0,0.14324951171875,0.9896240234375,0,0,0,0,1,0,-29.6,26.05,0,1]}}]},{"I":8,"DU":1,"E":[{"SI":{"SN":"grunt bee eff idle head","IN":"","ST":"G","FF":0,"LP":"SF","TRP":{"x":175.20000000000002,"y":232.25},"M3D":[1,0,0,0,0,1,0,0,0,0,1,0,-7.4,-2.4,0,1]}}]},{"I":9,"DU":1,"E":[{"SI":{"SN":"grunt bee eff idle head","IN":"","ST":"G","FF":0,"LP":"SF","TRP":{"x":175.2,"y":232.25},"M3D":[1,0,0,0,0,1,0,0,0,0,1,0,-7.4,-2.4,0,1]}}]},{"I":10,"DU":1,"E":[{"SI":{"SN":"grunt bee eff idle head","IN":"","ST":"G","FF":0,"LP":"SF","TRP":{"x":175.25,"y":232.25},"M3D":[0.9998626708984375,0.016571044921875,0,0,-0.016571044921875,0.9998626708984375,0,0,0,0,1,0,-2.55,-5.2,0,1]}}]},{"I":11,"DU":1,"E":[{"SI":{"SN":"grunt bee eff idle head","IN":"","ST":"G","FF":0,"LP":"SF","TRP":{"x":175.25,"y":232.25},"M3D":[0.9998626708984375,0.016571044921875,0,0,-0.016571044921875,0.9998626708984375,0,0,0,0,1,0,-2.55,-5.2,0,1]}}]},{"I":12,"DU":1,"E":[{"SI":{"SN":"grunt bee eff idle head","IN":"","ST":"G","FF":0,"LP":"SF","TRP":{"x":175.25,"y":232.25},"M3D":[0.9998626708984375,0.016571044921875,0,0,-0.016571044921875,0.9998626708984375,0,0,0,0,1,0,-2.55,-5.2,0,1]}}]},{"I":13,"DU":1,"E":[{"SI":{"SN":"grunt bee eff idle head","IN":"","ST":"G","FF":0,"LP":"SF","TRP":{"x":175.25,"y":232.25},"M3D":[0.9998626708984375,0.016571044921875,0,0,-0.016571044921875,0.9998626708984375,0,0,0,0,1,0,-2.55,-5.2,0,1]}}]}]},{"LN":"bf_idle_body","FR":[{"I":0,"DU":2,"E":[{"SI":{"SN":"bf idle body","IN":"","ST":"G","FF":0,"LP":"LP","TRP":{"x":160.9,"y":255.25},"M3D":[1,0,0,0,0.0332183837890625,1,0,0,0,0,1,0,15,147.25,0,1]}}]},{"I":2,"DU":2,"E":[{"SI":{"SN":"bf idle body","IN":"","ST":"G","FF":0,"LP":"LP","TRP":{"x":160.95000000000002,"y":255.25},"M3D":[1,0,0,0,0.010101318359375,1,0,0,0,0,1,0,23.85,147.25,0,1]}}]},{"I":4,"DU":2,"E":[{"SI":{"SN":"bf idle body","IN":"","ST":"G","FF":0,"LP":"LP","TRP":{"x":160.95000000000002,"y":255.25},"M3D":[1,0,0,0,0.010101318359375,1,0,0,0,0,1,0,23.85,147.25,0,1]}}]},{"I":6,"DU":2,"E":[{"SI":{"SN":"bf idle body","IN":"","ST":"G","FF":0,"LP":"LP","TRP":{"x":161.05,"y":255.25},"M3D":[1,0,0,0,-0.00994873046875,1.017333984375,0,0,0,0,1,0,31.5,140.65,0,1]}}]},{"I":8,"DU":6,"E":[{"SI":{"SN":"bf idle body","IN":"","ST":"G","FF":0,"LP":"LP","TRP":{"x":161,"y":255.25},"M3D":[1,0,0,0,-0.0184783935546875,1.017333984375,0,0,0,0,1,0,34.8,140.65,0,1]}}]}]},{"LN":"bf_idle_hand","FR":[{"I":0,"DU":2,"E":[{"SI":{"SN":"bf idle hand","IN":"","ST":"G","FF":0,"LP":"LP","TRP":{"x":54.25,"y":26.85},"M3D":[0.9723968505859375,-0.2333221435546875,0,0,0.2333221435546875,0.9723968505859375,0,0,0,0,1,0,45.3,304.55,0,1]}}]},{"I":2,"DU":2,"E":[{"SI":{"SN":"bf idle hand","IN":"","ST":"G","FF":0,"LP":"LP","TRP":{"x":54.25,"y":26.85},"M3D":[0.9578704833984375,-0.28717041015625,0,0,0.28717041015625,0.9578704833984375,0,0,0,0,1,0,51.85,306.3,0,1]}}]},{"I":4,"DU":2,"E":[{"SI":{"SN":"bf idle hand","IN":"","ST":"G","FF":0,"LP":"LP","TRP":{"x":54.300000000000004,"y":26.85},"M3D":[0.9461669921875,-0.3235931396484375,0,0,0.3235931396484375,0.9461669921875,0,0,0,0,1,0,56.35,305.4,0,1]}}]},{"I":6,"DU":2,"E":[{"SI":{"SN":"bf idle hand","IN":"","ST":"G","FF":0,"LP":"LP","TRP":{"x":54.300000000000004,"y":26.900000000000002},"M3D":[0.973602294921875,-0.228179931640625,0,0,0.228179931640625,0.973602294921875,0,0,0,0,1,0,44.45,294.7,0,1]}}]},{"I":8,"DU":2,"E":[{"SI":{"SN":"bf idle hand","IN":"","ST":"G","FF":0,"LP":"LP","TRP":{"x":54.25,"y":26.900000000000002},"M3D":[0.9981689453125,-0.06048583984375,0,0,0.06048583984375,0.9981689453125,0,0,0,0,1,0,35,284.9,0,1]}}]},{"I":10,"DU":4,"E":[{"SI":{"SN":"bf idle hand","IN":"","ST":"G","FF":0,"LP":"LP","TRP":{"x":54.300000000000004,"y":26.95},"M3D":[0.9993743896484375,-0.0352020263671875,0,0,0.0352020263671875,0.9993743896484375,0,0,0,0,1,0,33.2,283.5,0,1]}}]}]}]}},{"SN":"bf idle hand mic","TL":{"L":[{"LN":"Layer_2","FR":[{"I":0,"DU":1,"E":[{"ASI":{"N":"0006","M3D":[0.802825927734375,0,0,0,0,0.802825927734375,0,0,0,0,1,0,0,0,0,1]}}]}]}]}},{"SN":"grunt bee eff idle head","TL":{"L":[{"LN":"Layer_2","FR":[{"I":0,"DU":1,"E":[{"ASI":{"N":"0008","M3D":[1,0,0,0,0,1,0,0,0,0,1,0,103,162,0,1]}}]},{"I":1,"DU":1,"E":[{"ASI":{"N":"0009","M3D":[1,0,0,0,0,1,0,0,0,0,1,0,95,163,0,1]}}]}]},{"LN":"Layer_1","FR":[{"I":0,"DU":2,"E":[{"ASI":{"N":"0010","M3D":[1,0,0,0,0,1,0,0,0,0,1,0,0,0,0,1]}}]}]}]}},{"SN":"bf idle hand","TL":{"L":[{"LN":"Layer_2","FR":[{"I":0,"DU":1,"E":[{"ASI":{"N":"0007","M3D":[0.7467193603515625,0,0,0,0,0.7467193603515625,0,0,0,0,1,0,0,0,0,1]}}]}]}]}},{"SN":"dM","TL":{"L":[{"LN":"Layer_2","FR":[{"I":0,"DU":1,"E":[]},{"I":1,"DU":2,"E":[{"ASI":{"N":"0011","M3D":[1,0,0,0,0,1,0,0,0,0,1,0,-138,-33,0,1]}}]},{"I":3,"DU":11,"E":[{"ASI":{"N":"0012","M3D":[1,0,0,0,0,1,0,0,0,0,1,0,-138,-36,0,1]}}]}]},{"LN":"bf_idle_hand_mic","FR":[{"I":0,"DU":1,"E":[{"SI":{"SN":"bf idle hand mic singing","IN":"","ST":"G","FF":0,"LP":"LP","TRP":{"x":120.05,"y":92.9},"M3D":[0.9654998779296875,0.40948486328125,0,0,-0.40948486328125,0.9654998779296875,0,0,0,0,1,0,180.2,202.75,0,1]}}]},{"I":1,"DU":13,"E":[]}]},{"LN":"grunt_bee_eff_idle_head","FR":[{"I":0,"DU":1,"E":[{"SI":{"SN":"grunt bee eff down head","IN":"","ST":"G","FF":0,"LP":"SF","TRP":{"x":175.3,"y":232.25},"M3D":[0.99749755859375,-0.07037353515625,0,0,0.07037353515625,0.99749755859375,0,0,0,0,1,0,-32.2,55.8,0,1]}}]},{"I":1,"DU":13,"E":[]}]},{"LN":"bf_idle_body","FR":[{"I":0,"DU":1,"E":[{"SI":{"SN":"bf down body","IN":"","ST":"G","FF":0,"LP":"LP","TRP":{"x":160.95000000000002,"y":255.35},"M3D":[1,0,0,0,-0.0189056396484375,0.9866943359375,0,0,0,0,1,0,33.95,154.25,0,1]}}]},{"I":1,"DU":13,"E":[]}]},{"LN":"bf_idle_hand","FR":[{"I":0,"DU":1,"E":[{"SI":{"SN":"bf down hand","IN":"","ST":"G","FF":0,"LP":"LP","TRP":{"x":55.15,"y":66.7},"M3D":[0.84124755859375,-0.540557861328125,0,0,0.540557861328125,0.84124755859375,0,0,0,0,1,0,-100.25,5.8,0,1]}}]},{"I":1,"DU":13,"E":[]}]}]}},{"SN":"bf idle hand mic singing","TL":{"L":[{"LN":"Layer_2","FR":[{"I":0,"DU":1,"E":[{"ASI":{"N":"0013","M3D":[0.9534912109375,0,0,0,0,0.9534912109375,0,0,0,0,1,0,1.9,37.15,0,1]}}]}]}]}},{"SN":"grunt bee eff down head","TL":{"L":[{"LN":"Layer_3","FR":[{"I":0,"DU":2,"E":[{"ASI":{"N":"0016","M3D":[1,0,0,0,0,1,0,0,0,0,1,0,90,143,0,1]}}]}]},{"LN":"Layer_1","FR":[{"I":0,"DU":2,"E":[{"ASI":{"N":"0017","M3D":[1,0,0,0,0,1,0,0,0,0,1,0,0,0,0,1]}}]}]}]}},{"SN":"bf down body","TL":{"L":[{"LN":"Layer_3","FR":[{"I":0,"DU":1,"E":[{"ASI":{"N":"0014","M3D":[0.9473114013671875,0,0,0,0,0.9473114013671875,0,0,0,0,1,0,-21.75,50.2,0,1]}}]}]}]}},{"SN":"bf down hand","TL":{"L":[{"LN":"Layer_3","FR":[{"I":0,"DU":1,"E":[{"ASI":{"N":"0015","M3D":[1,0,0,0,0,1,0,0,0,0,1,0,-55,-29,0,1]}}]}]}]}},{"SN":"lM","TL":{"L":[{"LN":"bf_idle_hand","FR":[{"I":0,"DU":1,"E":[{"SI":{"SN":"bf left pose hand","IN":"","ST":"G","FF":0,"LP":"LP","TRP":{"x":51.85,"y":67.9},"M3D":[0.970458984375,0.2412567138671875,0,0,-0.2412567138671875,0.970458984375,0,0,0,0,1,0,66.1,171.4,0,1]}}]},{"I":1,"DU":2,"E":[{"ASI":{"N":"0019","M3D":[1,0,0,0,0,1,0,0,0,0,1,0,-116,35,0,1]}}]},{"I":3,"DU":11,"E":[{"ASI":{"N":"0020","M3D":[1,0,0,0,0,1,0,0,0,0,1,0,-117,35,0,1]}}]}]},{"LN":"bf_idle_hand_mic","FR":[{"I":0,"DU":1,"E":[{"SI":{"SN":"bf idle hand mic singing","IN":"","ST":"G","FF":0,"LP":"LP","TRP":{"x":129.9,"y":89.5},"M3D":[0.8891448974609375,0.457611083984375,0,0,-0.457611083984375,0.8891448974609375,0,0,0,0,1,0,215.7,126.25,0,1]}}]},{"I":1,"DU":13,"E":[]}]},{"LN":"grunt_bee_eff_idle_head","FR":[{"I":0,"DU":1,"E":[{"SI":{"SN":"grunt bee eff left head","IN":"","ST":"G","FF":0,"LP":"LP","TRP":{"x":175.10000000000002,"y":232.25},"M3D":[0.9958343505859375,0.091033935546875,0,0,-0.091033935546875,0.9958343505859375,0,0,0,0,1,0,-106.85,-5.8,0,1]}}]},{"I":1,"DU":13,"E":[]}]},{"LN":"bf_idle_body","FR":[{"I":0,"DU":1,"E":[{"SI":{"SN":"bf left body","IN":"","ST":"G","FF":0,"LP":"LP","TRP":{"x":160.85,"y":255.25},"M3D":[1,0,0,0,0.04779052734375,1,0,0,0,0,1,0,9.55,147.25,0,1]}}]},{"I":1,"DU":13,"E":[]}]}]}},{"SN":"bf left pose hand","TL":{"L":[{"LN":"Layer_2","FR":[{"I":0,"DU":1,"E":[{"ASI":{"N":"0018","M3D":[1,0,0,0,0,1,0,0,0,0,1,0,7,-25,0,1]}}]}]}]}},{"SN":"grunt bee eff left head","TL":{"L":[{"LN":"Layer_4","FR":[{"I":0,"DU":1,"E":[{"ASI":{"N":"0021","M3D":[1,0,0,0,0,1,0,0,0,0,1,0,11,22,0,1]}}]}]}]}},{"SN":"bf left body","TL":{"L":[{"LN":"Layer_3","FR":[{"I":0,"DU":1,"E":[{"ASI":{"N":"0022","M3D":[0.9983978271484375,0,0,0,0,0.9983978271484375,0,0,0,0,1,0,-32.9,19.95,0,1]}}]}]}]}},{"SN":"rM","TL":{"L":[{"LN":"bf_idle_hand","FR":[{"I":0,"DU":1,"E":[{"SI":{"SN":"bf dueces hand","IN":"","ST":"G","FF":0,"LP":"LP","TRP":{"x":48.25,"y":67.45},"M3D":[-0.3375091552734375,0.9412841796875,0,0,-0.9412841796875,-0.3375091552734375,0,0,0,0,1,0,400.25,345.25,0,1]}}]},{"I":1,"DU":13,"E":[]}]},{"LN":"bf_idle_hand_mic","FR":[{"I":0,"DU":1,"E":[{"SI":{"SN":"bf idle hand mic singing","IN":"","ST":"G","FF":0,"LP":"LP","TRP":{"x":124.7,"y":97.9},"M3D":[0.9877777099609375,0.1556396484375,0,0,-0.1556396484375,0.9877777099609375,0,0,0,0,1,0,293.3,172.5,0,1]}}]},{"I":1,"DU":2,"E":[{"ASI":{"N":"0024","M3D":[1,0,0,0,0,1,0,0,0,0,1,0,42,30,0,1]}}]},{"I":3,"DU":11,"E":[{"ASI":{"N":"0025","M3D":[1,0,0,0,0,1,0,0,0,0,1,0,42,30,0,1]}}]}]},{"LN":"grunt_bee_eff_idle_head","FR":[{"I":0,"DU":1,"E":[{"SI":{"SN":"grunt bee eff right head","IN":"","ST":"G","FF":0,"LP":"SF","TRP":{"x":175.3,"y":232.3},"M3D":[0.99615478515625,-0.0875701904296875,0,0,0.0875701904296875,0.99615478515625,0,0,0,0,1,0,70.75,25.25,0,1]}}]},{"I":1,"DU":13,"E":[]}]},{"LN":"bf_idle_body","FR":[{"I":0,"DU":1,"E":[{"SI":{"SN":"bf right body","IN":"","ST":"G","FF":0,"LP":"LP","TRP":{"x":160.95000000000002,"y":255.35},"M3D":[1,0,0,0,-0.0717926025390625,1.02252197265625,0,0,0,0,1,0,52.95,141.5,0,1]}}]},{"I":1,"DU":13,"E":[]}]}]}},{"SN":"bf dueces hand","TL":{"L":[{"LN":"Layer_3","FR":[{"I":0,"DU":1,"E":[{"ASI":{"N":"0023","M3D":[1,0,0,0,0,1,0,0,0,0,1,0,-15,-79,0,1]}}]}]}]}},{"SN":"grunt bee eff right head","TL":{"L":[{"LN":"Layer_3","FR":[{"I":0,"DU":2,"E":[{"ASI":{"N":"0027","M3D":[0.9999847412109375,0,0,0,0,0.9999847412109375,0,0,0,0,1,0,80.95,158.95,0,1]}}]}]},{"LN":"Layer_1","FR":[{"I":0,"DU":2,"E":[{"ASI":{"N":"0028","M3D":[0.9999847412109375,0,0,0,0,0.9999847412109375,0,0,0,0,1,0,0,0,0,1]}}]}]}]}},{"SN":"bf right body","TL":{"L":[{"LN":"Layer_2","FR":[{"I":0,"DU":1,"E":[{"ASI":{"N":"0026","M3D":[0.9697113037109375,0,0,0,0,0.9697113037109375,0,0,0,0,1,0,8.7,53.3,0,1]}}]}]}]}},{"SN":"uM","TL":{"L":[{"LN":"Layer_2","FR":[{"I":0,"DU":1,"E":[]},{"I":1,"DU":2,"E":[{"ASI":{"N":"0029","M3D":[1,0,0,0,0,1,0,0,0,0,1,0,-33,-121,0,1]}}]},{"I":3,"DU":11,"E":[{"ASI":{"N":"0030","M3D":[1,0,0,0,0,1,0,0,0,0,1,0,-34,-122,0,1]}}]}]},{"LN":"bf_idle_hand_mic","FR":[{"I":0,"DU":1,"E":[{"SI":{"SN":"bf idle hand mic singing","IN":"","ST":"G","FF":0,"LP":"LP","TRP":{"x":105.10000000000001,"y":86},"M3D":[0.9202880859375,0.49298095703125,0,0,-0.49298095703125,0.9202880859375,0,0,0,0,1,0,268.15,-2.75,0,1]}}]},{"I":1,"DU":13,"E":[]}]},{"LN":"bf_idle_hand","FR":[{"I":0,"DU":1,"E":[{"SI":{"SN":"bf up hand","IN":"","ST":"G","FF":0,"LP":"LP","TRP":{"x":10.65,"y":61.65},"M3D":[0.9954071044921875,-0.0955810546875,0,0,0.0955810546875,0.9954071044921875,0,0,0,0,1,0,-14.15,47.2,0,1]}}]},{"I":1,"DU":13,"E":[]}]},{"LN":"grunt_bee_eff_idle_head","FR":[{"I":0,"DU":1,"E":[{"SI":{"SN":"grunt bee eff up head","IN":"","ST":"G","FF":0,"LP":"SF","TRP":{"x":175.3,"y":232.25},"M3D":[0.99847412109375,0.0551910400390625,0,0,-0.0551910400390625,0.99847412109375,0,0,0,0,1,0,20.4,-115.55,0,1]}}]},{"I":1,"DU":13,"E":[]}]},{"LN":"bf_idle_body","FR":[{"I":0,"DU":1,"E":[{"SI":{"SN":"bf up body","IN":"","ST":"G","FF":0,"LP":"LP","TRP":{"x":161,"y":255.35},"M3D":[1,0,0,0,-0.0204010009765625,1.064056396484375,0,0,0,0,1,0,34.45,127.3,0,1]}}]},{"I":1,"DU":13,"E":[]}]}]}},{"SN":"bf up hand","TL":{"L":[{"LN":"Layer_3","FR":[{"I":0,"DU":1,"E":[{"ASI":{"N":"0031","M3D":[1,0,0,0,0,1,0,0,0,0,1,0,-23,1,0,1]}}]}]}]}},{"SN":"grunt bee eff up head","TL":{"L":[{"LN":"Layer_2","FR":[{"I":0,"DU":1,"E":[{"ASI":{"N":"0032","M3D":[0.999969482421875,0,0,0,0,0.999969482421875,0,0,0,0,1,0,16.95,0.95,0,1]}}]}]}]}},{"SN":"bf up body","TL":{"L":[{"LN":"Layer_3","FR":[{"I":0,"DU":1,"E":[{"ASI":{"N":"0033","M3D":[0.939605712890625,0,0,0,0,0.939605712890625,0,0,0,0,1,0,31.9,-43.2,0,1]}}]}]}]}},{"SN":"anim","TL":{"L":[{"LN":"bf_idle_hand","FR":[{"I":0,"DU":2,"E":[]},{"I":2,"DU":2,"E":[{"SI":{"SN":"bf pointing maybe","IN":"","ST":"G","FF":0,"LP":"LP","TRP":{"x":50.7,"y":54.900000000000006},"M3D":[0.79864501953125,0.7494964599609375,0,0,-0.9167938232421875,0.6416473388671875,0,0,0,0,1,0,-17.6,204.75,0,1]}}]},{"I":4,"DU":2,"E":[{"SI":{"SN":"bf pointing maybe","IN":"","ST":"G","FF":0,"LP":"LP","TRP":{"x":50.75,"y":54.95},"M3D":[0.8661956787109375,0.6702880859375,0,0,-0.507049560546875,0.99249267578125,0,0,0,0,1,0,-36.45,188.5,0,1]}}]},{"I":6,"DU":2,"E":[{"SI":{"SN":"bf pointing maybe","IN":"","ST":"G","FF":0,"LP":"LP","TRP":{"x":50.800000000000004,"y":55},"M3D":[0.7954559326171875,0.75286865234375,0,0,-0.81072998046875,0.74066162109375,0,0,0,0,1,0,-6.2,198.15,0,1]}}]},{"I":8,"DU":2,"E":[{"SI":{"SN":"bf pointing maybe","IN":"","ST":"G","FF":0,"LP":"LP","TRP":{"x":50.75,"y":55.050000000000004},"M3D":[0.8391571044921875,0.70379638671875,0,0,-0.6652069091796875,0.87152099609375,0,0,0,0,1,0,-12.3,193.45,0,1]}}]},{"I":10,"DU":19,"E":[{"SI":{"SN":"bf pointing maybe","IN":"","ST":"G","FF":0,"LP":"LP","TRP":{"x":50.7,"y":55.050000000000004},"M3D":[0.820648193359375,0.72528076171875,0,0,-0.72528076171875,0.820648193359375,0,0,0,0,1,0,-6.15,195.2,0,1]}}]},{"I":29,"DU":2,"E":[{"SI":{"SN":"bf pointing maybe","IN":"","ST":"G","FF":0,"LP":"LP","TRP":{"x":50.75,"y":55.050000000000004},"M3D":[0.85089111328125,0.68951416015625,0,0,-0.68951416015625,0.85089111328125,0,0,0,0,1,0,-3.6,198.35,0,1]}}]},{"I":31,"DU":2,"E":[{"SI":{"SN":"bf pointing maybe","IN":"","ST":"G","FF":0,"LP":"LP","TRP":{"x":50.7,"y":55},"M3D":[0.962493896484375,0.5225830078125,0,0,-0.5225830078125,0.962493896484375,0,0,0,0,1,0,2.5,220.7,0,1]}}]}]},{"LN":"bf_idle_hand_mic","FR":[{"I":0,"DU":2,"E":[{"SI":{"SN":"bf idle hand mic","IN":"","ST":"G","FF":0,"LP":"LP","TRP":{"x":51.050000000000004,"y":27.5},"M3D":[1.1868133544921875,0.3780517578125,0,0,-0.4638671875,0.9017333984375,0,0,0,0,1,0,203.9,293.2,0,1]}}]},{"I":2,"DU":2,"E":[{"SI":{"SN":"bf idle hand mic singing","IN":"","ST":"G","FF":0,"LP":"LP","TRP":{"x":116,"y":96.35000000000001},"M3D":[1.0265350341796875,0.18463134765625,0,0,-0.18463134765625,1.0265350341796875,0,0,0,0,1,0,124.4,206.95,0,1]}}]},{"I":4,"DU":2,"E":[{"SI":{"SN":"bf idle hand mic singing","IN":"","ST":"G","FF":0,"LP":"LP","TRP":{"x":116.05,"y":96.4},"M3D":[1.0347137451171875,0.131195068359375,0,0,-0.131195068359375,1.0347137451171875,0,0,0,0,1,0,128.3,214.4,0,1]}}]},{"I":6,"DU":2,"E":[{"SI":{"SN":"bf idle hand mic singing","IN":"","ST":"G","FF":0,"LP":"LP","TRP":{"x":116.05,"y":96.4},"M3D":[1.03900146484375,0.091094970703125,0,0,-0.091094970703125,1.03900146484375,0,0,0,0,1,0,129.95,220.6,0,1]}}]},{"I":8,"DU":2,"E":[{"SI":{"SN":"bf idle hand mic singing","IN":"","ST":"G","FF":0,"LP":"LP","TRP":{"x":116.05,"y":96.45},"M3D":[1.04150390625,0.055206298828125,0,0,-0.055206298828125,1.04150390625,0,0,0,0,1,0,127.2,225.55,0,1]}}]},{"I":10,"DU":19,"E":[{"SI":{"SN":"bf idle hand mic singing","IN":"","ST":"G","FF":0,"LP":"LP","TRP":{"x":116.10000000000001,"y":96.45},"M3D":[1.042449951171875,0.0329132080078125,0,0,-0.0329132080078125,1.042449951171875,0,0,0,0,1,0,125.95,229.05,0,1]}}]},{"I":29,"DU":2,"E":[{"SI":{"SN":"bf idle hand mic singing","IN":"","ST":"G","FF":0,"LP":"LP","TRP":{"x":116.10000000000001,"y":96.45},"M3D":[1.042449951171875,0.0329132080078125,0,0,-0.0329132080078125,1.042449951171875,0,0,0,0,1,0,132.95,233.05,0,1]}}]},{"I":31,"DU":2,"E":[{"SI":{"SN":"bf idle hand mic singing","IN":"","ST":"G","FF":0,"LP":"LP","TRP":{"x":116.10000000000001,"y":96.45},"M3D":[1.042449951171875,0.0329132080078125,0,0,-0.0329132080078125,1.042449951171875,0,0,0,0,1,0,170.95,246.05,0,1]}}]}]},{"LN":"grunt_bee_eff_idle_head","FR":[{"I":0,"DU":1,"E":[{"SI":{"SN":"grunt bee eff idle head","IN":"","ST":"G","FF":0,"LP":"SF","TRP":{"x":175.25,"y":232.15},"M3D":[0.99908447265625,0.042449951171875,0,0,-0.042449951171875,0.99908447265625,0,0,0,0,1,0,-0.35,-9.5,0,1]}}]},{"I":1,"DU":1,"E":[{"SI":{"SN":"grunt bee eff idle head","IN":"","ST":"G","FF":0,"LP":"SF","TRP":{"x":175.25,"y":232.15},"M3D":[0.99908447265625,0.042449951171875,0,0,-0.042449951171875,0.99908447265625,0,0,0,0,1,0,-0.35,-9.5,0,1]}}]},{"I":2,"DU":1,"E":[{"SI":{"SN":"grunt bee eff happy","IN":"","ST":"G","FF":0,"LP":"SF","TRP":{"x":175.25,"y":232.15},"M3D":[0.9910736083984375,0.1332855224609375,0,0,-0.1332855224609375,0.9910736083984375,0,0,0,0,1,0,-4.9,-23.55,0,1]}}]},{"I":3,"DU":1,"E":[{"SI":{"SN":"grunt bee eff happy","IN":"","ST":"G","FF":0,"LP":"SF","TRP":{"x":175.25,"y":232.15},"M3D":[0.9910736083984375,0.1332855224609375,0,0,-0.1332855224609375,0.9910736083984375,0,0,0,0,1,0,-4.9,-23.55,0,1]}}]},{"I":4,"DU":1,"E":[{"SI":{"SN":"grunt bee eff happy","IN":"","ST":"G","FF":0,"LP":"SF","TRP":{"x":175.25,"y":232.20000000000002},"M3D":[0.999481201171875,-0.0318450927734375,0,0,0.0318450927734375,0.999481201171875,0,0,0,0,1,0,-40.65,3.4,0,1]}}]},{"I":5,"DU":1,"E":[{"SI":{"SN":"grunt bee eff happy","IN":"","ST":"G","FF":0,"LP":"SF","TRP":{"x":175.25,"y":232.2},"M3D":[0.999481201171875,-0.0318450927734375,0,0,0.0318450927734375,0.999481201171875,0,0,0,0,1,0,-40.65,3.4,0,1]}}]},{"I":6,"DU":1,"E":[{"SI":{"SN":"grunt bee eff happy","IN":"","ST":"G","FF":1,"LP":"SF","TRP":{"x":175.20000000000002,"y":232.20000000000002},"M3D":[0.999755859375,0.020263671875,0,0,-0.020263671875,0.999755859375,0,0,0,0,1,0,-24.55,-5.75,0,1]}}]},{"I":7,"DU":1,"E":[{"SI":{"SN":"grunt bee eff happy","IN":"","ST":"G","FF":1,"LP":"SF","TRP":{"x":175.2,"y":232.2},"M3D":[0.999755859375,0.020263671875,0,0,-0.020263671875,0.999755859375,0,0,0,0,1,0,-24.55,-5.75,0,1]}}]},{"I":8,"DU":1,"E":[{"SI":{"SN":"grunt bee eff happy","IN":"","ST":"G","FF":1,"LP":"SF","TRP":{"x":175.20000000000002,"y":232.25},"M3D":[0.9998016357421875,-0.0183868408203125,0,0,0.0183868408203125,0.9998016357421875,0,0,0,0,1,0,-31.5,1,0,1]}}]},{"I":9,"DU":1,"E":[{"SI":{"SN":"grunt bee eff happy","IN":"","ST":"G","FF":1,"LP":"SF","TRP":{"x":175.2,"y":232.25},"M3D":[0.9998016357421875,-0.0183868408203125,0,0,0.0183868408203125,0.9998016357421875,0,0,0,0,1,0,-31.5,1,0,1]}}]},{"I":10,"DU":1,"E":[{"SI":{"SN":"grunt bee eff happy","IN":"","ST":"G","FF":1,"LP":"SF","TRP":{"x":175.20000000000002,"y":232.25},"M3D":[0.99993896484375,0.00750732421875,0,0,-0.00750732421875,0.99993896484375,0,0,0,0,1,0,-23.45,-3.55,0,1]}}]},{"I":11,"DU":1,"E":[{"SI":{"SN":"grunt bee eff happy","IN":"","ST":"G","FF":1,"LP":"SF","TRP":{"x":175.2,"y":232.25},"M3D":[0.99993896484375,0.00750732421875,0,0,-0.00750732421875,0.99993896484375,0,0,0,0,1,0,-23.45,-3.55,0,1]}}]},{"I":12,"DU":1,"E":[{"SI":{"SN":"grunt bee eff happy","IN":"","ST":"G","FF":1,"LP":"SF","TRP":{"x":175.2,"y":232.25},"M3D":[0.99993896484375,0.00750732421875,0,0,-0.00750732421875,0.99993896484375,0,0,0,0,1,0,-23.45,-3.55,0,1]}}]},{"I":13,"DU":1,"E":[{"SI":{"SN":"grunt bee eff happy","IN":"","ST":"G","FF":1,"LP":"SF","TRP":{"x":175.2,"y":232.25},"M3D":[0.99993896484375,0.00750732421875,0,0,-0.00750732421875,0.99993896484375,0,0,0,0,1,0,-23.45,-3.55,0,1]}}]},{"I":14,"DU":1,"E":[{"SI":{"SN":"grunt bee eff happy","IN":"","ST":"G","FF":1,"LP":"SF","TRP":{"x":175.2,"y":232.25},"M3D":[0.99993896484375,0.00750732421875,0,0,-0.00750732421875,0.99993896484375,0,0,0,0,1,0,-23.45,-3.55,0,1]}}]},{"I":15,"DU":1,"E":[{"SI":{"SN":"grunt bee eff happy","IN":"","ST":"G","FF":1,"LP":"SF","TRP":{"x":175.2,"y":232.25},"M3D":[0.99993896484375,0.00750732421875,0,0,-0.00750732421875,0.99993896484375,0,0,0,0,1,0,-23.45,-3.55,0,1]}}]},{"I":16,"DU":1,"E":[{"SI":{"SN":"grunt bee eff happy","IN":"","ST":"G","FF":1,"LP":"SF","TRP":{"x":175.2,"y":232.25},"M3D":[0.99993896484375,0.00750732421875,0,0,-0.00750732421875,0.99993896484375,0,0,0,0,1,0,-23.45,-3.55,0,1]}}]},{"I":17,"DU":1,"E":[{"SI":{"SN":"grunt bee eff happy","IN":"","ST":"G","FF":1,"LP":"SF","TRP":{"x":175.2,"y":232.25},"M3D":[0.99993896484375,0.00750732421875,0,0,-0.00750732421875,0.99993896484375,0,0,0,0,1,0,-23.45,-3.55,0,1]}}]},{"I":18,"DU":1,"E":[{"SI":{"SN":"grunt bee eff happy","IN":"","ST":"G","FF":1,"LP":"SF","TRP":{"x":175.2,"y":232.25},"M3D":[0.99993896484375,0.00750732421875,0,0,-0.00750732421875,0.99993896484375,0,0,0,0,1,0,-23.45,-3.55,0,1]}}]},{"I":19,"DU":1,"E":[{"SI":{"SN":"grunt bee eff happy","IN":"","ST":"G","FF":1,"LP":"SF","TRP":{"x":175.2,"y":232.25},"M3D":[0.99993896484375,0.00750732421875,0,0,-0.00750732421875,0.99993896484375,0,0,0,0,1,0,-23.45,-3.55,0,1]}}]},{"I":20,"DU":1,"E":[{"SI":{"SN":"grunt bee eff happy","IN":"","ST":"G","FF":1,"LP":"SF","TRP":{"x":175.2,"y":232.25},"M3D":[0.99993896484375,0.00750732421875,0,0,-0.00750732421875,0.99993896484375,0,0,0,0,1,0,-23.45,-3.55,0,1]}}]},{"I":21,"DU":1,"E":[{"SI":{"SN":"grunt bee eff happy","IN":"","ST":"G","FF":1,"LP":"SF","TRP":{"x":175.2,"y":232.25},"M3D":[0.99993896484375,0.00750732421875,0,0,-0.00750732421875,0.99993896484375,0,0,0,0,1,0,-23.45,-3.55,0,1]}}]},{"I":22,"DU":1,"E":[{"SI":{"SN":"grunt bee eff happy","IN":"","ST":"G","FF":1,"LP":"SF","TRP":{"x":175.2,"y":232.25},"M3D":[0.99993896484375,0.00750732421875,0,0,-0.00750732421875,0.99993896484375,0,0,0,0,1,0,-23.45,-3.55,0,1]}}]},{"I":23,"DU":1,"E":[{"SI":{"SN":"grunt bee eff happy","IN":"","ST":"G","FF":1,"LP":"SF","TRP":{"x":175.2,"y":232.25},"M3D":[0.99993896484375,0.00750732421875,0,0,-0.00750732421875,0.99993896484375,0,0,0,0,1,0,-23.45,-3.55,0,1]}}]},{"I":24,"DU":1,"E":[{"SI":{"SN":"grunt bee eff happy","IN":"","ST":"G","FF":1,"LP":"SF","TRP":{"x":175.2,"y":232.25},"M3D":[0.99993896484375,0.00750732421875,0,0,-0.00750732421875,0.99993896484375,0,0,0,0,1,0,-23.45,-3.55,0,1]}}]},{"I":25,"DU":1,"E":[{"SI":{"SN":"grunt bee eff happy","IN":"","ST":"G","FF":1,"LP":"SF","TRP":{"x":175.2,"y":232.25},"M3D":[0.99993896484375,0.00750732421875,0,0,-0.00750732421875,0.99993896484375,0,0,0,0,1,0,-23.45,-3.55,0,1]}}]},{"I":26,"DU":1,"E":[{"SI":{"SN":"grunt bee eff happy","IN":"","ST":"G","FF":1,"LP":"SF","TRP":{"x":175.2,"y":232.25},"M3D":[0.99993896484375,0.00750732421875,0,0,-0.00750732421875,0.99993896484375,0,0,0,0,1,0,-23.45,-3.55,0,1]}}]},{"I":27,"DU":1,"E":[{"SI":{"SN":"grunt bee eff happy","IN":"","ST":"G","FF":1,"LP":"SF","TRP":{"x":175.2,"y":232.25},"M3D":[0.99993896484375,0.00750732421875,0,0,-0.00750732421875,0.99993896484375,0,0,0,0,1,0,-23.45,-3.55,0,1]}}]},{"I":28,"DU":1,"E":[{"SI":{"SN":"grunt bee eff happy","IN":"","ST":"G","FF":1,"LP":"SF","TRP":{"x":175.2,"y":232.25},"M3D":[0.99993896484375,0.00750732421875,0,0,-0.00750732421875,0.99993896484375,0,0,0,0,1,0,-23.45,-3.55,0,1]}}]},{"I":29,"DU":1,"E":[{"SI":{"SN":"grunt bee eff happy","IN":"","ST":"G","FF":1,"LP":"SF","TRP":{"x":175.20000000000002,"y":232.25},"M3D":[0.99993896484375,0.00750732421875,0,0,-0.00750732421875,0.99993896484375,0,0,0,0,1,0,-25.45,-0.55,0,1]}}]},{"I":30,"DU":1,"E":[{"SI":{"SN":"grunt bee eff happy","IN":"","ST":"G","FF":1,"LP":"SF","TRP":{"x":175.2,"y":232.25},"M3D":[0.99993896484375,0.00750732421875,0,0,-0.00750732421875,0.99993896484375,0,0,0,0,1,0,-25.45,-0.55,0,1]}}]},{"I":31,"DU":1,"E":[{"SI":{"SN":"grunt bee eff happy","IN":"","ST":"G","FF":1,"LP":"SF","TRP":{"x":175.20000000000002,"y":232.25},"M3D":[0.9958953857421875,0.090057373046875,0,0,-0.090057373046875,0.9958953857421875,0,0,0,0,1,0,-13.55,-7.05,0,1]}}]},{"I":32,"DU":1,"E":[{"SI":{"SN":"grunt bee eff happy","IN":"","ST":"G","FF":1,"LP":"SF","TRP":{"x":175.2,"y":232.25},"M3D":[0.9958953857421875,0.090057373046875,0,0,-0.090057373046875,0.9958953857421875,0,0,0,0,1,0,-13.55,-7.05,0,1]}}]}]},{"LN":"bf_idle_body","FR":[{"I":0,"DU":2,"E":[{"SI":{"SN":"bf idle body","IN":"","ST":"G","FF":0,"LP":"LP","TRP":{"x":160.95000000000002,"y":255.35},"M3D":[1,0,0,0,0.003509521484375,1.02252197265625,0,0,0,0,1,0,25.4,141.5,0,1]}}]},{"I":2,"DU":2,"E":[{"SI":{"SN":"bf idle body","IN":"","ST":"G","FF":0,"LP":"LP","TRP":{"x":160.95000000000002,"y":255.35},"M3D":[1,0,0,0,0.0637359619140625,1.02252197265625,0,0,0,0,1,0,2.4,141.5,0,1]}}]},{"I":4,"DU":2,"E":[{"SI":{"SN":"bf idle body","IN":"","ST":"G","FF":0,"LP":"LP","TRP":{"x":160.95000000000002,"y":255.4},"M3D":[1,0,0,0,0.049285888671875,1.02252197265625,0,0,0,0,1,0,7.95,141.5,0,1]}}]},{"I":6,"DU":2,"E":[{"SI":{"SN":"bf idle body","IN":"","ST":"G","FF":0,"LP":"LP","TRP":{"x":161,"y":255.45000000000002},"M3D":[1,0,0,0,0.0377349853515625,1.02252197265625,0,0,0,0,1,0,12.4,141.5,0,1]}}]},{"I":8,"DU":21,"E":[{"SI":{"SN":"bf idle body","IN":"","ST":"G","FF":0,"LP":"LP","TRP":{"x":161,"y":255.5},"M3D":[1,0,0,0,0.031951904296875,1.02252197265625,0,0,0,0,1,0,14.65,141.5,0,1]}}]},{"I":29,"DU":2,"E":[{"SI":{"SN":"bf idle body","IN":"","ST":"G","FF":0,"LP":"LP","TRP":{"x":161,"y":255.5},"M3D":[1,0,0,0,0.031951904296875,1.02252197265625,0,0,0,0,1,0,14.65,141.5,0,1]}}]},{"I":31,"DU":2,"E":[{"SI":{"SN":"bf idle body","IN":"","ST":"G","FF":0,"LP":"LP","TRP":{"x":161,"y":255.5},"M3D":[1,0,0,0,0.031951904296875,1.02252197265625,0,0,0,0,1,0,14.65,141.5,0,1]}}]}]},{"LN":"bf_idle_hand","FR":[{"I":0,"DU":2,"E":[{"SI":{"SN":"bf idle hand","IN":"","ST":"G","FF":0,"LP":"LP","TRP":{"x":54.050000000000004,"y":26.95},"M3D":[1.336639404296875,-0.0826263427734375,0,0,0.304840087890625,0.952392578125,0,0,0,0,1,0,-27.2,265.4,0,1]}}]},{"I":2,"DU":31,"E":[]}]}]}},{"SN":"bf pointing maybe","TL":{"L":[{"LN":"Layer_2","FR":[{"I":0,"DU":1,"E":[{"ASI":{"N":"0034","M3D":[0.8936309814453125,0,0,0,0,0.8936309814453125,0,0,0,0,1,0,-7.1,-17.85,0,1]}}]}]}]}},{"SN":"grunt bee eff happy","TL":{"L":[{"LN":"Layer_3","FR":[{"I":0,"DU":1,"E":[{"ASI":{"N":"0035","M3D":[0.9999847412109375,0,0,0,0,0.9999847412109375,0,0,0,0,1,0,101.95,160.95,0,1]}}]},{"I":1,"DU":1,"E":[{"ASI":{"N":"0036","M3D":[0.9999847412109375,0,0,0,0,0.9999847412109375,0,0,0,0,1,0,99.95,168.95,0,1]}}]}]},{"LN":"Layer_1","FR":[{"I":0,"DU":2,"E":[{"ASI":{"N":"0037","M3D":[0.9999847412109375,0,0,0,0,0.9999847412109375,0,0,0,0,1,0,0,0,0,1]}}]}]}]}},{"SN":"down","TL":{"L":[{"LN":"bf_idle_hand_mic","FR":[{"I":0,"DU":2,"E":[{"SI":{"SN":"bf idle hand mic singing","IN":"","ST":"G","FF":0,"LP":"LP","TRP":{"x":120.05,"y":92.9},"M3D":[0.9654998779296875,0.40948486328125,0,0,-0.40948486328125,0.9654998779296875,0,0,0,0,1,0,180.2,202.75,0,1]}}]},{"I":2,"DU":2,"E":[{"SI":{"SN":"bf idle hand mic singing","IN":"","ST":"G","FF":0,"LP":"LP","TRP":{"x":120.05,"y":92.9},"M3D":[0.9407806396484375,0.463470458984375,0,0,-0.463470458984375,0.9407806396484375,0,0,0,0,1,0,177.2,197.6,0,1]}}]},{"I":4,"DU":2,"E":[{"SI":{"SN":"bf idle hand mic singing","IN":"","ST":"G","FF":0,"LP":"LP","TRP":{"x":120.10000000000001,"y":92.95},"M3D":[0.92401123046875,0.49603271484375,0,0,-0.49603271484375,0.92401123046875,0,0,0,0,1,0,184.2,189.25,0,1]}}]},{"I":6,"DU":1,"E":[{"SI":{"SN":"bf idle hand mic singing","IN":"","ST":"G","FF":0,"LP":"LP","TRP":{"x":120.15,"y":92.9},"M3D":[0.913177490234375,0.51568603515625,0,0,-0.51568603515625,0.913177490234375,0,0,0,0,1,0,202.3,181.9,0,1]}}]},{"I":7,"DU":1,"E":[{"SI":{"SN":"bf idle hand mic singing","IN":"","ST":"G","FF":0,"LP":"LP","TRP":{"x":120.15,"y":92.95},"M3D":[0.975677490234375,0.384521484375,0,0,-0.384521484375,0.975677490234375,0,0,0,0,1,0,199.6,193.85,0,1]}}]},{"I":8,"DU":1,"E":[{"SI":{"SN":"bf idle hand mic singing","IN":"","ST":"G","FF":0,"LP":"LP","TRP":{"x":120.2,"y":93},"M3D":[1.003875732421875,0.3033447265625,0,0,-0.3033447265625,1.003875732421875,0,0,0,0,1,0,202.65,203,0,1]}}]},{"I":9,"DU":1,"E":[{"SI":{"SN":"bf idle hand mic singing","IN":"","ST":"G","FF":0,"LP":"LP","TRP":{"x":120.2,"y":93.05},"M3D":[1.02447509765625,0.2240447998046875,0,0,-0.2240447998046875,1.02447509765625,0,0,0,0,1,0,196.8,213.6,0,1]}}]},{"I":10,"DU":1,"E":[{"SI":{"SN":"bf idle hand mic singing","IN":"","ST":"G","FF":0,"LP":"LP","TRP":{"x":120.2,"y":93.05},"M3D":[1.0298004150390625,0.1980438232421875,0,0,-0.1980438232421875,1.0298004150390625,0,0,0,0,1,0,194.75,217.25,0,1]}}]},{"I":11,"DU":3,"E":[{"SI":{"SN":"bf idle hand mic singing","IN":"","ST":"G","FF":0,"LP":"LP","TRP":{"x":120.25,"y":93.10000000000001},"M3D":[1.03216552734375,0.185302734375,0,0,-0.185302734375,1.03216552734375,0,0,0,0,1,0,194.3,219.55,0,1]}}]}]},{"LN":"grunt_bee_eff_idle_head","FR":[{"I":0,"DU":1,"E":[{"SI":{"SN":"grunt bee eff down head","IN":"","ST":"G","FF":0,"LP":"SF","TRP":{"x":175.3,"y":232.25},"M3D":[0.99749755859375,-0.07037353515625,0,0,0.07037353515625,0.99749755859375,0,0,0,0,1,0,-32.2,55.8,0,1]}}]},{"I":1,"DU":1,"E":[{"SI":{"SN":"grunt bee eff down head","IN":"","ST":"G","FF":0,"LP":"SF","TRP":{"x":175.3,"y":232.25},"M3D":[0.99749755859375,-0.07037353515625,0,0,0.07037353515625,0.99749755859375,0,0,0,0,1,0,-32.2,55.8,0,1]}}]},{"I":2,"DU":1,"E":[{"SI":{"SN":"grunt bee eff down head","IN":"","ST":"G","FF":0,"LP":"SF","TRP":{"x":175.3,"y":232.3},"M3D":[0.9919281005859375,-0.1266937255859375,0,0,0.1266937255859375,0.9919281005859375,0,0,0,0,1,0,-49.3,72,0,1]}}]},{"I":3,"DU":1,"E":[{"SI":{"SN":"grunt bee eff down head","IN":"","ST":"G","FF":0,"LP":"SF","TRP":{"x":175.3,"y":232.3},"M3D":[0.9919281005859375,-0.1266937255859375,0,0,0.1266937255859375,0.9919281005859375,0,0,0,0,1,0,-49.3,72,0,1]}}]},{"I":4,"DU":1,"E":[{"SI":{"SN":"grunt bee eff down head","IN":"","ST":"G","FF":0,"LP":"SF","TRP":{"x":175.25,"y":232.3},"M3D":[0.98553466796875,-0.169342041015625,0,0,0.169342041015625,0.98553466796875,0,0,0,0,1,0,-63.05,75.95,0,1]}}]},{"I":5,"DU":1,"E":[{"SI":{"SN":"grunt bee eff down head","IN":"","ST":"G","FF":0,"LP":"SF","TRP":{"x":175.25,"y":232.3},"M3D":[0.98553466796875,-0.169342041015625,0,0,0.169342041015625,0.98553466796875,0,0,0,0,1,0,-63.05,75.95,0,1]}}]},{"I":6,"DU":1,"E":[{"SI":{"SN":"grunt bee eff down head","IN":"","ST":"G","FF":0,"LP":"SF","TRP":{"x":175.25,"y":232.3},"M3D":[0.9816741943359375,-0.19036865234375,0,0,0.19036865234375,0.9816741943359375,0,0,0,0,1,0,-59.25,71.55,0,1]}}]},{"I":7,"DU":1,"E":[{"SI":{"SN":"grunt bee eff down head","IN":"","ST":"G","FF":0,"LP":"SF","TRP":{"x":175.15,"y":232.35},"M3D":[0.9939422607421875,-0.1092987060546875,0,0,0.1092987060546875,0.9939422607421875,0,0,0,0,1,0,-33.45,44.5,0,1]}}]},{"I":8,"DU":1,"E":[{"SI":{"SN":"grunt bee eff down head","IN":"","ST":"G","FF":0,"LP":"SF","TRP":{"x":175.15,"y":232.4},"M3D":[0.9971160888671875,-0.074951171875,0,0,0.074951171875,0.9971160888671875,0,0,0,0,1,0,-22.95,35.75,0,1]}}]},{"I":9,"DU":1,"E":[{"SI":{"SN":"grunt bee eff down head","IN":"","ST":"G","FF":0,"LP":"SF","TRP":{"x":175.10000000000002,"y":232.5},"M3D":[0.999267578125,-0.03558349609375,0,0,0.03558349609375,0.999267578125,0,0,0,0,1,0,-13.1,29.35,0,1]}}]},{"I":10,"DU":1,"E":[{"SI":{"SN":"grunt bee eff down head","IN":"","ST":"G","FF":0,"LP":"SF","TRP":{"x":175.1,"y":232.5},"M3D":[0.999267578125,-0.03558349609375,0,0,0.03558349609375,0.999267578125,0,0,0,0,1,0,-13.1,29.35,0,1]}}]},{"I":11,"DU":1,"E":[{"SI":{"SN":"grunt bee eff down head","IN":"","ST":"G","FF":0,"LP":"SF","TRP":{"x":175.1,"y":232.5},"M3D":[0.999267578125,-0.03558349609375,0,0,0.03558349609375,0.999267578125,0,0,0,0,1,0,-13.1,29.35,0,1]}}]},{"I":12,"DU":1,"E":[{"SI":{"SN":"grunt bee eff down head","IN":"","ST":"G","FF":0,"LP":"SF","TRP":{"x":175.1,"y":232.5},"M3D":[0.999267578125,-0.03558349609375,0,0,0.03558349609375,0.999267578125,0,0,0,0,1,0,-13.1,29.35,0,1]}}]},{"I":13,"DU":1,"E":[{"SI":{"SN":"grunt bee eff down head","IN":"","ST":"G","FF":0,"LP":"SF","TRP":{"x":175.1,"y":232.5},"M3D":[0.999267578125,-0.03558349609375,0,0,0.03558349609375,0.999267578125,0,0,0,0,1,0,-13.1,29.35,0,1]}}]}]},{"LN":"bf_idle_body","FR":[{"I":0,"DU":2,"E":[{"SI":{"SN":"bf down body","IN":"","ST":"G","FF":0,"LP":"LP","TRP":{"x":160.95000000000002,"y":255.35},"M3D":[1,0,0,0,-0.0189056396484375,0.9866943359375,0,0,0,0,1,0,33.95,154.25,0,1]}}]},{"I":2,"DU":2,"E":[{"SI":{"SN":"bf down body","IN":"","ST":"G","FF":0,"LP":"LP","TRP":{"x":160.9,"y":255.35},"M3D":[1,0,0,0,0.0136871337890625,0.9866943359375,0,0,0,0,1,0,22.35,154.25,0,1]}}]},{"I":4,"DU":2,"E":[{"SI":{"SN":"bf down body","IN":"","ST":"G","FF":0,"LP":"LP","TRP":{"x":160.95000000000002,"y":255.35},"M3D":[1,0,0,0,0.033416748046875,0.9866943359375,0,0,0,0,1,0,15.35,154.25,0,1]}}]},{"I":6,"DU":1,"E":[{"SI":{"SN":"bf down body","IN":"","ST":"G","FF":0,"LP":"LP","TRP":{"x":161.05,"y":255.35},"M3D":[1,0,0,0,0.0203399658203125,1.009521484375,0,0,0,0,1,0,20,146.1,0,1]}}]},{"I":7,"DU":1,"E":[{"SI":{"SN":"bf down body","IN":"","ST":"G","FF":0,"LP":"LP","TRP":{"x":161.20000000000002,"y":255.5},"M3D":[1,0,0,0,-0.02935791015625,1.0420989990234375,0,0,0,0,1,0,37.75,134.45,0,1]}}]},{"I":8,"DU":6,"E":[{"SI":{"SN":"bf down body","IN":"","ST":"G","FF":0,"LP":"LP","TRP":{"x":161.25,"y":255.55},"M3D":[1,0,0,0,-0.036224365234375,1.05499267578125,0,0,0,0,1,0,40.2,129.85,0,1]}}]}]},{"LN":"bf_idle_hand","FR":[{"I":0,"DU":2,"E":[{"SI":{"SN":"bf down hand","IN":"","ST":"G","FF":0,"LP":"LP","TRP":{"x":55.15,"y":66.7},"M3D":[0.84124755859375,-0.540557861328125,0,0,0.540557861328125,0.84124755859375,0,0,0,0,1,0,-100.25,5.8,0,1]}}]},{"I":2,"DU":2,"E":[{"SI":{"SN":"bf down hand","IN":"","ST":"G","FF":0,"LP":"LP","TRP":{"x":55.15,"y":66.65},"M3D":[0.775115966796875,-0.631744384765625,0,0,0.631744384765625,0.775115966796875,0,0,0,0,1,0,-89.65,-3.75,0,1]}}]},{"I":4,"DU":2,"E":[{"SI":{"SN":"bf down hand","IN":"","ST":"G","FF":0,"LP":"LP","TRP":{"x":55.1,"y":66.7},"M3D":[0.732666015625,-0.680511474609375,0,0,0.680511474609375,0.732666015625,0,0,0,0,1,0,-85.5,4.75,0,1]}}]},{"I":6,"DU":1,"E":[{"SI":{"SN":"bf down hand","IN":"","ST":"G","FF":0,"LP":"LP","TRP":{"x":55.050000000000004,"y":66.7},"M3D":[0.7525634765625,-0.658416748046875,0,0,0.658416748046875,0.7525634765625,0,0,0,0,1,0,-82.1,14.2,0,1]}}]},{"I":7,"DU":1,"E":[{"SI":{"SN":"bf down hand","IN":"","ST":"G","FF":0,"LP":"LP","TRP":{"x":55,"y":66.7},"M3D":[0.864166259765625,-0.5030517578125,0,0,0.5030517578125,0.864166259765625,0,0,0,0,1,0,-75.9,30.2,0,1]}}]},{"I":8,"DU":1,"E":[{"SI":{"SN":"bf down hand","IN":"","ST":"G","FF":0,"LP":"LP","TRP":{"x":55,"y":66.7},"M3D":[0.8931121826171875,-0.44964599609375,0,0,0.44964599609375,0.8931121826171875,0,0,0,0,1,0,-69.9,32.35,0,1]}}]},{"I":9,"DU":1,"E":[{"SI":{"SN":"bf down hand","IN":"","ST":"G","FF":0,"LP":"LP","TRP":{"x":54.95,"y":66.75},"M3D":[0.898590087890625,-0.4385833740234375,0,0,0.4385833740234375,0.898590087890625,0,0,0,0,1,0,-72.45,32.35,0,1]}}]},{"I":10,"DU":1,"E":[{"SI":{"SN":"bf down hand","IN":"","ST":"G","FF":0,"LP":"LP","TRP":{"x":54.900000000000006,"y":66.75},"M3D":[0.9039306640625,-0.42742919921875,0,0,0.42742919921875,0.9039306640625,0,0,0,0,1,0,-72.95,31.35,0,1]}}]},{"I":11,"DU":3,"E":[{"SI":{"SN":"bf down hand","IN":"","ST":"G","FF":0,"LP":"LP","TRP":{"x":54.85,"y":66.8},"M3D":[0.9072265625,-0.420379638671875,0,0,0.420379638671875,0.9072265625,0,0,0,0,1,0,-73.6,29.75,0,1]}}]}]}]}},{"SN":"left","TL":{"L":[{"LN":"bf_idle_hand","FR":[{"I":0,"DU":2,"E":[{"SI":{"SN":"bf left pose hand","IN":"","ST":"G","FF":0,"LP":"LP","TRP":{"x":51.85,"y":67.9},"M3D":[0.970458984375,0.2412567138671875,0,0,-0.2412567138671875,0.970458984375,0,0,0,0,1,0,66.1,171.4,0,1]}}]},{"I":2,"DU":2,"E":[{"SI":{"SN":"bf left pose hand","IN":"","ST":"G","FF":0,"LP":"LP","TRP":{"x":51.900000000000006,"y":67.95},"M3D":[0.91741943359375,0.397857666015625,0,0,-0.397857666015625,0.91741943359375,0,0,0,0,1,0,92.5,169.85,0,1]}}]},{"I":4,"DU":2,"E":[{"SI":{"SN":"bf left pose hand","IN":"","ST":"G","FF":0,"LP":"LP","TRP":{"x":51.95,"y":67.95},"M3D":[0.8878021240234375,0.46014404296875,0,0,-0.46014404296875,0.8878021240234375,0,0,0,0,1,0,93.25,173.65,0,1]}}]},{"I":6,"DU":1,"E":[{"SI":{"SN":"bf left pose hand","IN":"","ST":"G","FF":0,"LP":"LP","TRP":{"x":51.95,"y":67.95},"M3D":[0.85406494140625,0.52008056640625,0,0,-0.52008056640625,0.85406494140625,0,0,0,0,1,0,82.1,179.85,0,1]}}]},{"I":7,"DU":1,"E":[{"SI":{"SN":"bf left pose hand","IN":"","ST":"G","FF":0,"LP":"LP","TRP":{"x":52,"y":68},"M3D":[0.921142578125,0.389068603515625,0,0,-0.389068603515625,0.921142578125,0,0,0,0,1,0,60.7,185.1,0,1]}}]},{"I":8,"DU":1,"E":[{"SI":{"SN":"bf left pose hand","IN":"","ST":"G","FF":0,"LP":"LP","TRP":{"x":52.050000000000004,"y":68.05},"M3D":[0.944580078125,0.32806396484375,0,0,-0.32806396484375,0.944580078125,0,0,0,0,1,0,52.35,187.65,0,1]}}]},{"I":9,"DU":1,"E":[{"SI":{"SN":"bf left pose hand","IN":"","ST":"G","FF":0,"LP":"LP","TRP":{"x":52.1,"y":68.10000000000001},"M3D":[0.9590911865234375,0.2828216552734375,0,0,-0.2828216552734375,0.9590911865234375,0,0,0,0,1,0,46.55,192,0,1]}}]},{"I":10,"DU":4,"E":[{"SI":{"SN":"bf left pose hand","IN":"","ST":"G","FF":0,"LP":"LP","TRP":{"x":52.1,"y":68.15},"M3D":[0.969207763671875,0.24591064453125,0,0,-0.24591064453125,0.969207763671875,0,0,0,0,1,0,42.5,195.25,0,1]}}]}]},{"LN":"bf_idle_hand_mic","FR":[{"I":0,"DU":2,"E":[{"SI":{"SN":"bf idle hand mic singing","IN":"","ST":"G","FF":0,"LP":"LP","TRP":{"x":129.9,"y":89.5},"M3D":[0.8891448974609375,0.457611083984375,0,0,-0.457611083984375,0.8891448974609375,0,0,0,0,1,0,215.7,126.25,0,1]}}]},{"I":2,"DU":2,"E":[{"SI":{"SN":"bf idle hand mic singing","IN":"","ST":"G","FF":0,"LP":"LP","TRP":{"x":129.95,"y":89.55},"M3D":[0.91864013671875,0.3950042724609375,0,0,-0.3950042724609375,0.91864013671875,0,0,0,0,1,0,190.3,131.75,0,1]}}]},{"I":4,"DU":2,"E":[{"SI":{"SN":"bf idle hand mic singing","IN":"","ST":"G","FF":0,"LP":"LP","TRP":{"x":130,"y":89.55},"M3D":[0.931884765625,0.3626708984375,0,0,-0.3626708984375,0.931884765625,0,0,0,0,1,0,182.65,137.75,0,1]}}]},{"I":6,"DU":1,"E":[{"SI":{"SN":"bf idle hand mic singing","IN":"","ST":"G","FF":0,"LP":"LP","TRP":{"x":130.05,"y":89.5},"M3D":[0.945068359375,0.326751708984375,0,0,-0.326751708984375,0.945068359375,0,0,0,0,1,0,189.7,144.25,0,1]}}]},{"I":7,"DU":1,"E":[{"SI":{"SN":"bf idle hand mic singing","IN":"","ST":"G","FF":0,"LP":"LP","TRP":{"x":130.05,"y":89.55},"M3D":[0.9530029296875,0.302734375,0,0,-0.302734375,0.9530029296875,0,0,0,0,1,0,192.5,148.65,0,1]}}]},{"I":8,"DU":1,"E":[{"SI":{"SN":"bf idle hand mic singing","IN":"","ST":"G","FF":0,"LP":"LP","TRP":{"x":130.1,"y":89.5},"M3D":[0.96173095703125,0.273773193359375,0,0,-0.273773193359375,0.96173095703125,0,0,0,0,1,0,194.8,153.65,0,1]}}]},{"I":9,"DU":1,"E":[{"SI":{"SN":"bf idle hand mic singing","IN":"","ST":"G","FF":0,"LP":"LP","TRP":{"x":130.1,"y":89.5},"M3D":[0.96612548828125,0.2577972412109375,0,0,-0.2577972412109375,0.96612548828125,0,0,0,0,1,0,195.8,155.35,0,1]}}]},{"I":10,"DU":4,"E":[{"SI":{"SN":"bf idle hand mic singing","IN":"","ST":"G","FF":0,"LP":"LP","TRP":{"x":130.1,"y":89.5},"M3D":[0.96807861328125,0.250244140625,0,0,-0.250244140625,0.96807861328125,0,0,0,0,1,0,195.9,156.15,0,1]}}]}]},{"LN":"grunt_bee_eff_idle_head","FR":[{"I":0,"DU":2,"E":[{"SI":{"SN":"grunt bee eff left head","IN":"","ST":"G","FF":0,"LP":"LP","TRP":{"x":175.10000000000002,"y":232.25},"M3D":[0.9958343505859375,0.091033935546875,0,0,-0.091033935546875,0.9958343505859375,0,0,0,0,1,0,-106.85,-5.8,0,1]}}]},{"I":2,"DU":2,"E":[{"SI":{"SN":"grunt bee eff left head","IN":"","ST":"G","FF":0,"LP":"LP","TRP":{"x":175.10000000000002,"y":232.20000000000002},"M3D":[0.99407958984375,0.1083984375,0,0,-0.1083984375,0.99407958984375,0,0,0,0,1,0,-105.25,-8.4,0,1]}}]},{"I":4,"DU":2,"E":[{"SI":{"SN":"grunt bee eff left head","IN":"","ST":"G","FF":0,"LP":"LP","TRP":{"x":175.10000000000002,"y":232.20000000000002},"M3D":[0.9934539794921875,0.1138763427734375,0,0,-0.1138763427734375,0.9934539794921875,0,0,0,0,1,0,-99,-9.55,0,1]}}]},{"I":6,"DU":1,"E":[{"SI":{"SN":"grunt bee eff left head","IN":"","ST":"G","FF":0,"LP":"LP","TRP":{"x":175.10000000000002,"y":232.15},"M3D":[0.996063232421875,0.088104248046875,0,0,-0.088104248046875,0.996063232421875,0,0,0,0,1,0,-93,-4,0,1]}}]},{"I":7,"DU":1,"E":[{"SI":{"SN":"grunt bee eff left head","IN":"","ST":"G","FF":0,"LP":"LP","TRP":{"x":175.10000000000002,"y":232.10000000000002},"M3D":[0.9979705810546875,0.0628662109375,0,0,-0.0628662109375,0.9979705810546875,0,0,0,0,1,0,-91.55,2.8,0,1]}}]},{"I":8,"DU":1,"E":[{"SI":{"SN":"grunt bee eff left head","IN":"","ST":"G","FF":0,"LP":"LP","TRP":{"x":175.10000000000002,"y":232.10000000000002},"M3D":[0.9979705810546875,0.0628662109375,0,0,-0.0628662109375,0.9979705810546875,0,0,0,0,1,0,-89.95,2.8,0,1]}}]},{"I":9,"DU":1,"E":[{"SI":{"SN":"grunt bee eff left head","IN":"","ST":"G","FF":0,"LP":"LP","TRP":{"x":175,"y":232.15},"M3D":[0.998687744140625,0.049713134765625,0,0,-0.049713134765625,0.998687744140625,0,0,0,0,1,0,-91.45,5.75,0,1]}}]},{"I":10,"DU":4,"E":[{"SI":{"SN":"grunt bee eff left head","IN":"","ST":"G","FF":0,"LP":"LP","TRP":{"x":175.10000000000002,"y":232.20000000000002},"M3D":[0.99908447265625,0.041015625,0,0,-0.041015625,0.99908447265625,0,0,0,0,1,0,-92.3,7.2,0,1]}}]}]},{"LN":"bf_idle_body","FR":[{"I":0,"DU":2,"E":[{"SI":{"SN":"bf left body","IN":"","ST":"G","FF":0,"LP":"LP","TRP":{"x":160.85,"y":255.25},"M3D":[1,0,0,0,0.04779052734375,1,0,0,0,0,1,0,9.55,147.25,0,1]}}]},{"I":2,"DU":2,"E":[{"SI":{"SN":"bf left body","IN":"","ST":"G","FF":0,"LP":"LP","TRP":{"x":160.8,"y":255.25},"M3D":[1,0,0,0,0.0562591552734375,1,0,0,0,0,1,0,6.35,147.25,0,1]}}]},{"I":4,"DU":2,"E":[{"SI":{"SN":"bf left body","IN":"","ST":"G","FF":0,"LP":"LP","TRP":{"x":160.85,"y":255.25},"M3D":[1,0,0,0,0.0436248779296875,1,0,0,0,0,1,0,11.15,147.25,0,1]}}]},{"I":6,"DU":1,"E":[{"SI":{"SN":"bf left body","IN":"","ST":"G","FF":0,"LP":"LP","TRP":{"x":160.9,"y":255.25},"M3D":[1,0,0,0,0.037933349609375,1,0,0,0,0,1,0,13.35,147.25,0,1]}}]},{"I":7,"DU":1,"E":[{"SI":{"SN":"bf left body","IN":"","ST":"G","FF":0,"LP":"LP","TRP":{"x":161,"y":255.25},"M3D":[1,0,0,0,0.00482177734375,0.993194580078125,0,0,0,0,1,0,25.9,149.85,0,1]}}]},{"I":8,"DU":1,"E":[{"SI":{"SN":"bf left body","IN":"","ST":"G","FF":0,"LP":"LP","TRP":{"x":160.85,"y":255.25},"M3D":[1,0,0,0,0,1,0,0,0,0,1,0,27.65,147.25,0,1]}}]},{"I":9,"DU":5,"E":[{"SI":{"SN":"bf left body","IN":"","ST":"G","FF":0,"LP":"LP","TRP":{"x":160.85,"y":255.25},"M3D":[1,0,0,0,-0.006805419921875,1,0,0,0,0,1,0,30.25,147.25,0,1]}}]}]}]}},{"SN":"up","TL":{"L":[{"LN":"bf_idle_hand_mic","FR":[{"I":0,"DU":2,"E":[{"SI":{"SN":"bf idle hand mic singing","IN":"","ST":"G","FF":0,"LP":"LP","TRP":{"x":105.10000000000001,"y":86},"M3D":[0.9202880859375,0.49298095703125,0,0,-0.49298095703125,0.9202880859375,0,0,0,0,1,0,268.15,-2.75,0,1]}}]},{"I":2,"DU":2,"E":[{"SI":{"SN":"bf idle hand mic singing","IN":"","ST":"G","FF":0,"LP":"LP","TRP":{"x":123.30000000000001,"y":89.25},"M3D":[0.9522705078125,0.42791748046875,0,0,-0.42791748046875,0.9522705078125,0,0,0,0,1,0,243.4,8.4,0,1]}}]},{"I":4,"DU":2,"E":[{"SI":{"SN":"bf idle hand mic singing","IN":"","ST":"G","FF":0,"LP":"LP","TRP":{"x":123.30000000000001,"y":89.25},"M3D":[0.9522705078125,0.42791748046875,0,0,-0.42791748046875,0.9522705078125,0,0,0,0,1,0,241.4,10.4,0,1]}}]},{"I":6,"DU":1,"E":[{"SI":{"SN":"bf idle hand mic singing","IN":"","ST":"G","FF":0,"LP":"LP","TRP":{"x":123.35000000000001,"y":89.25},"M3D":[0.961181640625,0.4074554443359375,0,0,-0.4074554443359375,0.961181640625,0,0,0,0,1,0,252.5,24.1,0,1]}}]},{"I":7,"DU":1,"E":[{"SI":{"SN":"bf idle hand mic singing","IN":"","ST":"G","FF":0,"LP":"LP","TRP":{"x":123.35000000000001,"y":89.25},"M3D":[0.9135589599609375,0.505279541015625,0,0,-0.505279541015625,0.9135589599609375,0,0,0,0,1,0,287.1,36.3,0,1]}}]},{"I":8,"DU":1,"E":[{"SI":{"SN":"bf idle hand mic singing","IN":"","ST":"G","FF":0,"LP":"LP","TRP":{"x":123.4,"y":89.2},"M3D":[0.87664794921875,0.566864013671875,0,0,-0.566864013671875,0.87664794921875,0,0,0,0,1,0,302.15,36,0,1]}}]},{"I":9,"DU":1,"E":[{"SI":{"SN":"bf idle hand mic singing","IN":"","ST":"G","FF":0,"LP":"LP","TRP":{"x":123.4,"y":89.2},"M3D":[0.83251953125,0.6298675537109375,0,0,-0.6298675537109375,0.83251953125,0,0,0,0,1,0,315.25,28.15,0,1]}}]},{"I":10,"DU":1,"E":[{"SI":{"SN":"bf idle hand mic singing","IN":"","ST":"G","FF":0,"LP":"LP","TRP":{"x":123.4,"y":89.25},"M3D":[0.81884765625,0.64752197265625,0,0,-0.64752197265625,0.81884765625,0,0,0,0,1,0,320.55,28.2,0,1]}}]},{"I":11,"DU":3,"E":[{"SI":{"SN":"bf idle hand mic singing","IN":"","ST":"G","FF":0,"LP":"LP","TRP":{"x":123.4,"y":89.30000000000001},"M3D":[0.8048095703125,0.664886474609375,0,0,-0.664886474609375,0.8048095703125,0,0,0,0,1,0,324.85,28.3,0,1]}}]}]},{"LN":"bf_idle_hand","FR":[{"I":0,"DU":2,"E":[{"SI":{"SN":"bf up hand","IN":"","ST":"G","FF":0,"LP":"LP","TRP":{"x":10.65,"y":61.65},"M3D":[0.9954071044921875,-0.0955810546875,0,0,0.0955810546875,0.9954071044921875,0,0,0,0,1,0,-14.15,47.2,0,1]}}]},{"I":2,"DU":2,"E":[{"SI":{"SN":"bf up hand","IN":"","ST":"G","FF":0,"LP":"LP","TRP":{"x":10.55,"y":61.65},"M3D":[0.9884033203125,-0.1517333984375,0,0,0.1517333984375,0.9884033203125,0,0,0,0,1,0,-32.5,38.2,0,1]}}]},{"I":4,"DU":2,"E":[{"SI":{"SN":"bf up hand","IN":"","ST":"G","FF":0,"LP":"LP","TRP":{"x":10.55,"y":61.7},"M3D":[0.9753875732421875,-0.220367431640625,0,0,0.220367431640625,0.9753875732421875,0,0,0,0,1,0,-40.6,45.75,0,1]}}]},{"I":6,"DU":1,"E":[{"SI":{"SN":"bf up hand","IN":"","ST":"G","FF":0,"LP":"LP","TRP":{"x":10.55,"y":61.7},"M3D":[0.9854736328125,-0.1695404052734375,0,0,0.1695404052734375,0.9854736328125,0,0,0,0,1,0,-14.6,57.6,0,1]}}]},{"I":7,"DU":1,"E":[{"SI":{"SN":"bf up hand","IN":"","ST":"G","FF":0,"LP":"LP","TRP":{"x":10.65,"y":61.75},"M3D":[0.9542236328125,0.29888916015625,0,0,-0.29888916015625,0.9542236328125,0,0,0,0,1,0,28.5,97.6,0,1]}}]},{"I":8,"DU":1,"E":[{"SI":{"SN":"bf up hand","IN":"","ST":"G","FF":0,"LP":"LP","TRP":{"x":10.65,"y":61.75},"M3D":[0.9296112060546875,0.3683319091796875,0,0,-0.3683319091796875,0.9296112060546875,0,0,0,0,1,0,28.05,93.4,0,1]}}]},{"I":9,"DU":1,"E":[{"SI":{"SN":"bf up hand","IN":"","ST":"G","FF":0,"LP":"LP","TRP":{"x":10.700000000000001,"y":61.800000000000004},"M3D":[0.9849853515625,0.17205810546875,0,0,-0.17205810546875,0.9849853515625,0,0,0,0,1,0,11.3,88.1,0,1]}}]},{"I":10,"DU":1,"E":[{"SI":{"SN":"bf up hand","IN":"","ST":"G","FF":0,"LP":"LP","TRP":{"x":10.700000000000001,"y":61.800000000000004},"M3D":[0.9926605224609375,0.1202239990234375,0,0,-0.1202239990234375,0.9926605224609375,0,0,0,0,1,0,5.05,89.15,0,1]}}]},{"I":11,"DU":3,"E":[{"SI":{"SN":"bf up hand","IN":"","ST":"G","FF":0,"LP":"LP","TRP":{"x":10.700000000000001,"y":61.85},"M3D":[0.9949951171875,0.0989532470703125,0,0,-0.0989532470703125,0.9949951171875,0,0,0,0,1,0,2.7,90.2,0,1]}}]}]},{"LN":"grunt_bee_eff_idle_head","FR":[{"I":0,"DU":2,"E":[{"SI":{"SN":"grunt bee eff up head","IN":"","ST":"G","FF":0,"LP":"SF","TRP":{"x":175.3,"y":232.25},"M3D":[0.99847412109375,0.0551910400390625,0,0,-0.0551910400390625,0.99847412109375,0,0,0,0,1,0,20.4,-115.55,0,1]}}]},{"I":2,"DU":2,"E":[{"SI":{"SN":"grunt bee eff up head","IN":"","ST":"G","FF":0,"LP":"SF","TRP":{"x":175.3,"y":232.20000000000002},"M3D":[0.996002197265625,0.089141845703125,0,0,-0.089141845703125,0.996002197265625,0,0,0,0,1,0,26.7,-123.85,0,1]}}]},{"I":4,"DU":2,"E":[{"SI":{"SN":"grunt bee eff up head","IN":"","ST":"G","FF":0,"LP":"SF","TRP":{"x":175.35,"y":232.20000000000002},"M3D":[0.994384765625,0.105621337890625,0,0,-0.105621337890625,0.994384765625,0,0,0,0,1,0,24.8,-122.3,0,1]}}]},{"I":6,"DU":1,"E":[{"SI":{"SN":"grunt bee eff up head","IN":"","ST":"G","FF":0,"LP":"SF","TRP":{"x":175.35,"y":232.15},"M3D":[0.996734619140625,0.0804290771484375,0,0,-0.0804290771484375,0.996734619140625,0,0,0,0,1,0,17.55,-112.4,0,1]}}]},{"I":7,"DU":1,"E":[{"SI":{"SN":"grunt bee eff up head","IN":"","ST":"G","FF":0,"LP":"SF","TRP":{"x":175.4,"y":232.15},"M3D":[0.999664306640625,0.024444580078125,0,0,-0.024444580078125,0.999664306640625,0,0,0,0,1,0,1.05,-88.25,0,1]}}]},{"I":8,"DU":1,"E":[{"SI":{"SN":"grunt bee eff up head","IN":"","ST":"G","FF":0,"LP":"SF","TRP":{"x":175.4,"y":232.10000000000002},"M3D":[0.99993896484375,-0.001434326171875,0,0,0.001434326171875,0.99993896484375,0,0,0,0,1,0,-7.95,-83.7,0,1]}}]},{"I":9,"DU":1,"E":[{"SI":{"SN":"grunt bee eff up head","IN":"","ST":"G","FF":0,"LP":"SF","TRP":{"x":175.4,"y":232.10000000000002},"M3D":[0.9998779296875,0.010894775390625,0,0,-0.010894775390625,0.9998779296875,0,0,0,0,1,0,-7.05,-86.8,0,1]}}]},{"I":10,"DU":4,"E":[{"SI":{"SN":"grunt bee eff up head","IN":"","ST":"G","FF":0,"LP":"SF","TRP":{"x":175.35,"y":232.10000000000002},"M3D":[0.999755859375,0.0186767578125,0,0,-0.0186767578125,0.999755859375,0,0,0,0,1,0,-4.2,-89.05,0,1]}}]}]},{"LN":"bf_idle_body","FR":[{"I":0,"DU":2,"E":[{"SI":{"SN":"bf up body","IN":"","ST":"G","FF":0,"LP":"LP","TRP":{"x":161,"y":255.35},"M3D":[1,0,0,0,-0.0204010009765625,1.064056396484375,0,0,0,0,1,0,34.45,127.3,0,1]}}]},{"I":2,"DU":2,"E":[{"SI":{"SN":"bf up body","IN":"","ST":"G","FF":0,"LP":"LP","TRP":{"x":161.05,"y":255.4},"M3D":[1,0,0,0,-0.0152130126953125,1.064056396484375,0,0,0,0,1,0,32.7,127.3,0,1]}}]},{"I":4,"DU":2,"E":[{"SI":{"SN":"bf up body","IN":"","ST":"G","FF":0,"LP":"LP","TRP":{"x":161.20000000000002,"y":255.4},"M3D":[1,0,0,0,-0.004791259765625,1.0536956787109375,0,0,0,0,1,0,29.15,130.85,0,1]}}]},{"I":6,"DU":1,"E":[{"SI":{"SN":"bf up body","IN":"","ST":"G","FF":0,"LP":"LP","TRP":{"x":161.3,"y":255.45000000000002},"M3D":[1,0,0,0,0.0029449462890625,1.04071044921875,0,0,0,0,1,0,26.45,135.3,0,1]}}]},{"I":7,"DU":1,"E":[{"SI":{"SN":"bf up body","IN":"","ST":"G","FF":0,"LP":"LP","TRP":{"x":161.45000000000002,"y":255.55},"M3D":[1,0,0,0,0.0080413818359375,1.0120697021484375,0,0,0,0,1,0,24.7,145.1,0,1]}}]},{"I":8,"DU":1,"E":[{"SI":{"SN":"bf up body","IN":"","ST":"G","FF":0,"LP":"LP","TRP":{"x":161.45000000000002,"y":255.60000000000002},"M3D":[1,0,0,0,0.01336669921875,1.0120697021484375,0,0,0,0,1,0,22.9,145.1,0,1]}}]},{"I":9,"DU":5,"E":[{"SI":{"SN":"bf up body","IN":"","ST":"G","FF":0,"LP":"LP","TRP":{"x":161.45000000000002,"y":255.65},"M3D":[1,0,0,0,0.015960693359375,1.0120697021484375,0,0,0,0,1,0,22.05,145.1,0,1]}}]}]}]}},{"SN":"right","TL":{"L":[{"LN":"bf_idle_hand","FR":[{"I":0,"DU":2,"E":[{"SI":{"SN":"bf dueces hand","IN":"","ST":"G","FF":0,"LP":"LP","TRP":{"x":48.25,"y":67.45},"M3D":[-0.3375091552734375,0.9412841796875,0,0,-0.9412841796875,-0.3375091552734375,0,0,0,0,1,0,400.25,345.25,0,1]}}]},{"I":2,"DU":2,"E":[{"SI":{"SN":"bf dueces hand","IN":"","ST":"G","FF":0,"LP":"LP","TRP":{"x":48.25,"y":67.35},"M3D":[-0.445648193359375,0.8951416015625,0,0,-0.8951416015625,-0.445648193359375,0,0,0,0,1,0,417.35,359.8,0,1]}}]},{"I":4,"DU":2,"E":[{"SI":{"SN":"bf dueces hand","IN":"","ST":"G","FF":0,"LP":"LP","TRP":{"x":48.25,"y":67.35},"M3D":[-0.4762420654296875,0.879241943359375,0,0,-0.879241943359375,-0.4762420654296875,0,0,0,0,1,0,412.75,366.65,0,1]}}]},{"I":6,"DU":1,"E":[{"SI":{"SN":"bf dueces hand","IN":"","ST":"G","FF":0,"LP":"LP","TRP":{"x":48.25,"y":67.35},"M3D":[-0.513702392578125,0.857879638671875,0,0,-0.857879638671875,-0.513702392578125,0,0,0,0,1,0,398.1,363.2,0,1]}}]},{"I":7,"DU":1,"E":[{"SI":{"SN":"bf dueces hand","IN":"","ST":"G","FF":0,"LP":"LP","TRP":{"x":48.2,"y":67.35},"M3D":[-0.47979736328125,0.87725830078125,0,0,-0.87725830078125,-0.47979736328125,0,0,0,0,1,0,368.8,355,0,1]}}]},{"I":8,"DU":1,"E":[{"SI":{"SN":"bf dueces hand","IN":"","ST":"G","FF":0,"LP":"LP","TRP":{"x":48.2,"y":67.3},"M3D":[-0.4451904296875,0.89532470703125,0,0,-0.89532470703125,-0.4451904296875,0,0,0,0,1,0,357.35,351.8,0,1]}}]},{"I":9,"DU":1,"E":[{"SI":{"SN":"bf dueces hand","IN":"","ST":"G","FF":0,"LP":"LP","TRP":{"x":48.2,"y":67.25},"M3D":[-0.43408203125,0.9007415771484375,0,0,-0.9007415771484375,-0.43408203125,0,0,0,0,1,0,356.2,350.8,0,1]}}]},{"I":10,"DU":4,"E":[{"SI":{"SN":"bf dueces hand","IN":"","ST":"G","FF":0,"LP":"LP","TRP":{"x":48.2,"y":67.2},"M3D":[-0.4270477294921875,0.9040985107421875,0,0,-0.9040985107421875,-0.4270477294921875,0,0,0,0,1,0,355.1,350.15,0,1]}}]}]},{"LN":"bf_idle_hand_mic","FR":[{"I":0,"DU":2,"E":[{"SI":{"SN":"bf idle hand mic singing","IN":"","ST":"G","FF":0,"LP":"LP","TRP":{"x":124.7,"y":97.9},"M3D":[0.98779296875,0.1556396484375,0,0,-0.1556396484375,0.98779296875,0,0,0,0,1,0,293.3,172.5,0,1]}}]},{"I":2,"DU":2,"E":[{"SI":{"SN":"bf idle hand mic singing","IN":"","ST":"G","FF":0,"LP":"LP","TRP":{"x":124.7,"y":97.9},"M3D":[0.99456787109375,0.10394287109375,0,0,-0.10394287109375,0.99456787109375,0,0,0,0,1,0,273.4,180.3,0,1]}}]},{"I":4,"DU":2,"E":[{"SI":{"SN":"bf idle hand mic singing","IN":"","ST":"G","FF":0,"LP":"LP","TRP":{"x":124.7,"y":97.9},"M3D":[0.99456787109375,0.10394287109375,0,0,-0.10394287109375,0.99456787109375,0,0,0,0,1,0,276.4,183.3,0,1]}}]},{"I":6,"DU":1,"E":[{"SI":{"SN":"bf idle hand mic singing","IN":"","ST":"G","FF":0,"LP":"LP","TRP":{"x":124.7,"y":97.95},"M3D":[0.999359130859375,0.035125732421875,0,0,-0.035125732421875,0.999359130859375,0,0,0,0,1,0,286.05,184.4,0,1]}}]},{"I":7,"DU":1,"E":[{"SI":{"SN":"bf idle hand mic singing","IN":"","ST":"G","FF":0,"LP":"LP","TRP":{"x":124.75,"y":97.95},"M3D":[0.995758056640625,0.0915985107421875,0,0,-0.0915985107421875,0.995758056640625,0,0,0,0,1,0,303.05,167.7,0,1]}}]},{"I":8,"DU":1,"E":[{"SI":{"SN":"bf idle hand mic singing","IN":"","ST":"G","FF":0,"LP":"LP","TRP":{"x":124.75,"y":97.95},"M3D":[0.994537353515625,0.1038818359375,0,0,-0.1038818359375,0.994537353515625,0,0,0,0,1,0,309.4,168.3,0,1]}}]},{"I":9,"DU":1,"E":[{"SI":{"SN":"bf idle hand mic singing","IN":"","ST":"G","FF":0,"LP":"LP","TRP":{"x":124.80000000000001,"y":98.05},"M3D":[0.9931640625,0.11614990234375,0,0,-0.11614990234375,0.9931640625,0,0,0,0,1,0,313.75,168.9,0,1]}}]},{"I":10,"DU":4,"E":[{"SI":{"SN":"bf idle hand mic singing","IN":"","ST":"G","FF":0,"LP":"LP","TRP":{"x":124.80000000000001,"y":98.05},"M3D":[0.99249267578125,0.1216278076171875,0,0,-0.1216278076171875,0.99249267578125,0,0,0,0,1,0,315.4,169.25,0,1]}}]}]},{"LN":"grunt_bee_eff_idle_head","FR":[{"I":0,"DU":1,"E":[{"SI":{"SN":"grunt bee eff right head","IN":"","ST":"G","FF":0,"LP":"SF","TRP":{"x":175.3,"y":232.3},"M3D":[0.99615478515625,-0.0875701904296875,0,0,0.0875701904296875,0.99615478515625,0,0,0,0,1,0,70.75,25.25,0,1]}}]},{"I":1,"DU":1,"E":[{"SI":{"SN":"grunt bee eff right head","IN":"","ST":"G","FF":0,"LP":"SF","TRP":{"x":175.3,"y":232.3},"M3D":[0.99615478515625,-0.0875701904296875,0,0,0.0875701904296875,0.99615478515625,0,0,0,0,1,0,70.75,25.25,0,1]}}]},{"I":2,"DU":1,"E":[{"SI":{"SN":"grunt bee eff right head","IN":"","ST":"G","FF":0,"LP":"SF","TRP":{"x":175.3,"y":232.35},"M3D":[0.99090576171875,-0.13446044921875,0,0,0.13446044921875,0.99090576171875,0,0,0,0,1,0,72.8,32.7,0,1]}}]},{"I":3,"DU":1,"E":[{"SI":{"SN":"grunt bee eff right head","IN":"","ST":"G","FF":0,"LP":"SF","TRP":{"x":175.3,"y":232.35},"M3D":[0.99090576171875,-0.13446044921875,0,0,0.13446044921875,0.99090576171875,0,0,0,0,1,0,72.8,32.7,0,1]}}]},{"I":4,"DU":1,"E":[{"SI":{"SN":"grunt bee eff right head","IN":"","ST":"G","FF":0,"LP":"SF","TRP":{"x":175.4,"y":232.4},"M3D":[0.9877777099609375,-0.1556243896484375,0,0,0.1556243896484375,0.9877777099609375,0,0,0,0,1,0,67.4,35.15,0,1]}}]},{"I":5,"DU":1,"E":[{"SI":{"SN":"grunt bee eff right head","IN":"","ST":"G","FF":0,"LP":"SF","TRP":{"x":175.4,"y":232.4},"M3D":[0.9877777099609375,-0.1556243896484375,0,0,0.1556243896484375,0.9877777099609375,0,0,0,0,1,0,67.4,35.15,0,1]}}]},{"I":6,"DU":1,"E":[{"SI":{"SN":"grunt bee eff right head","IN":"","ST":"G","FF":0,"LP":"SF","TRP":{"x":175.45000000000002,"y":232.35},"M3D":[0.99310302734375,-0.1169281005859375,0,0,0.1169281005859375,0.99310302734375,0,0,0,0,1,0,59.45,28.15,0,1]}}]},{"I":7,"DU":1,"E":[{"SI":{"SN":"grunt bee eff right head","IN":"","ST":"G","FF":0,"LP":"SF","TRP":{"x":175.5,"y":232.4},"M3D":[0.99615478515625,-0.0868377685546875,0,0,0.0868377685546875,0.99615478515625,0,0,0,0,1,0,54.9,24.2,0,1]}}]},{"I":8,"DU":1,"E":[{"SI":{"SN":"grunt bee eff right head","IN":"","ST":"G","FF":0,"LP":"SF","TRP":{"x":175.55,"y":232.4},"M3D":[0.9968109130859375,-0.0790557861328125,0,0,0.0790557861328125,0.9968109130859375,0,0,0,0,1,0,52.6,23.7,0,1]}}]},{"I":9,"DU":1,"E":[{"SI":{"SN":"grunt bee eff right head","IN":"","ST":"G","FF":0,"LP":"SF","TRP":{"x":175.60000000000002,"y":232.5},"M3D":[0.9977874755859375,-0.0655670166015625,0,0,0.0655670166015625,0.9977874755859375,0,0,0,0,1,0,54.55,21.1,0,1]}}]},{"I":10,"DU":1,"E":[{"SI":{"SN":"grunt bee eff right head","IN":"","ST":"G","FF":0,"LP":"SF","TRP":{"x":175.65,"y":232.5},"M3D":[0.9985198974609375,-0.0532379150390625,0,0,0.0532379150390625,0.9985198974609375,0,0,0,0,1,0,56.3,19.8,0,1]}}]},{"I":11,"DU":1,"E":[{"SI":{"SN":"grunt bee eff right head","IN":"","ST":"G","FF":0,"LP":"SF","TRP":{"x":175.65,"y":232.5},"M3D":[0.9985198974609375,-0.0532379150390625,0,0,0.0532379150390625,0.9985198974609375,0,0,0,0,1,0,56.3,19.8,0,1]}}]},{"I":12,"DU":1,"E":[{"SI":{"SN":"grunt bee eff right head","IN":"","ST":"G","FF":0,"LP":"SF","TRP":{"x":175.65,"y":232.5},"M3D":[0.9985198974609375,-0.0532379150390625,0,0,0.0532379150390625,0.9985198974609375,0,0,0,0,1,0,56.3,19.8,0,1]}}]},{"I":13,"DU":1,"E":[{"SI":{"SN":"grunt bee eff right head","IN":"","ST":"G","FF":0,"LP":"SF","TRP":{"x":175.65,"y":232.5},"M3D":[0.9985198974609375,-0.0532379150390625,0,0,0.0532379150390625,0.9985198974609375,0,0,0,0,1,0,56.3,19.8,0,1]}}]}]},{"LN":"bf_idle_body","FR":[{"I":0,"DU":2,"E":[{"SI":{"SN":"bf right body","IN":"","ST":"G","FF":0,"LP":"LP","TRP":{"x":160.95000000000002,"y":255.35},"M3D":[1,0,0,0,-0.0717926025390625,1.02252197265625,0,0,0,0,1,0,52.95,141.5,0,1]}}]},{"I":2,"DU":2,"E":[{"SI":{"SN":"bf right body","IN":"","ST":"G","FF":0,"LP":"LP","TRP":{"x":160.95000000000002,"y":255.35},"M3D":[1,0,0,0,-0.124298095703125,1.02252197265625,0,0,0,0,1,0,71.8,141.5,0,1]}}]},{"I":4,"DU":2,"E":[{"SI":{"SN":"bf right body","IN":"","ST":"G","FF":0,"LP":"LP","TRP":{"x":160.95000000000002,"y":255.4},"M3D":[1,0,0,0,-0.13360595703125,1.02252197265625,0,0,0,0,1,0,75.15,141.5,0,1]}}]},{"I":6,"DU":1,"E":[{"SI":{"SN":"bf right body","IN":"","ST":"G","FF":0,"LP":"LP","TRP":{"x":160.95000000000002,"y":255.4},"M3D":[1,0,0,0,-0.0817718505859375,1.02252197265625,0,0,0,0,1,0,56.55,141.5,0,1]}}]},{"I":7,"DU":1,"E":[{"SI":{"SN":"bf right body","IN":"","ST":"G","FF":0,"LP":"LP","TRP":{"x":160.95000000000002,"y":255.45000000000002},"M3D":[1,0,0,0,-0.0618133544921875,1.02252197265625,0,0,0,0,1,0,49.4,141.5,0,1]}}]},{"I":8,"DU":1,"E":[{"SI":{"SN":"bf right body","IN":"","ST":"G","FF":0,"LP":"LP","TRP":{"x":160.95000000000002,"y":255.5},"M3D":[1,0,0,0,-0.0485687255859375,1.02252197265625,0,0,0,0,1,0,44.65,141.5,0,1]}}]},{"I":9,"DU":5,"E":[{"SI":{"SN":"bf right body","IN":"","ST":"G","FF":0,"LP":"LP","TRP":{"x":161,"y":255.55},"M3D":[1,0,0,0,-0.0453033447265625,1.02252197265625,0,0,0,0,1,0,43.5,141.5,0,1]}}]}]}]}}]},"MD":{"FRT":24}}