﻿{"ATLAS":{"SPRITES":[{"SPRITE":{"name":"0000","x":1890,"y":377,"w":119,"h":201,"rotated":false}},{"SPRITE":{"name":"0001","x":1872,"y":614,"w":170,"h":160,"rotated":false}},{"SPRITE":{"name":"0002","x":0,"y":1032,"w":337,"h":371,"rotated":false}},{"SPRITE":{"name":"0003","x":1890,"y":187,"w":137,"h":187,"rotated":false}},{"SPRITE":{"name":"0004","x":1877,"y":1409,"w":142,"h":148,"rotated":false}},{"SPRITE":{"name":"0005","x":0,"y":1406,"w":318,"h":260,"rotated":false}},{"SPRITE":{"name":"0006","x":1890,"y":0,"w":145,"h":184,"rotated":false}},{"SPRITE":{"name":"0007","x":340,"y":1032,"w":129,"h":150,"rotated":false}},{"SPRITE":{"name":"0008","x":985,"y":1610,"w":133,"h":86,"rotated":false}},{"SPRITE":{"name":"0009","x":1344,"y":1605,"w":139,"h":87,"rotated":false}},{"SPRITE":{"name":"0010","x":340,"y":1356,"w":341,"h":260,"rotated":false}},{"SPRITE":{"name":"0011","x":525,"y":0,"w":521,"h":535,"rotated":false}},{"SPRITE":{"name":"0012","x":0,"y":0,"w":522,"h":538,"rotated":false}},{"SPRITE":{"name":"0013","x":1872,"y":971,"w":168,"h":116,"rotated":false}},{"SPRITE":{"name":"0014","x":480,"y":1029,"w":406,"h":324,"rotated":false}},{"SPRITE":{"name":"0015","x":985,"y":1455,"w":184,"h":152,"rotated":false}},{"SPRITE":{"name":"0016","x":1877,"y":1560,"w":140,"h":113,"rotated":false}},{"SPRITE":{"name":"0017","x":340,"y":1356,"w":341,"h":260,"rotated":false}},{"SPRITE":{"name":"0018","x":1907,"y":1090,"w":121,"h":142,"rotated":false}},{"SPRITE":{"name":"0019","x":0,"y":541,"w":477,"h":488,"rotated":false}},{"SPRITE":{"name":"0020","x":525,"y":538,"w":480,"h":488,"rotated":false}},{"SPRITE":{"name":"0021","x":1533,"y":1409,"w":341,"h":241,"rotated":false}},{"SPRITE":{"name":"0022","x":889,"y":1091,"w":344,"h":361,"rotated":false}},{"SPRITE":{"name":"0023","x":1872,"y":777,"w":120,"h":191,"rotated":false}},{"SPRITE":{"name":"0024","x":1008,"y":616,"w":397,"h":472,"rotated":false}},{"SPRITE":{"name":"0025","x":1470,"y":614,"w":399,"h":474,"rotated":false}},{"SPRITE":{"name":"0026","x":1533,"y":1091,"w":371,"h":315,"rotated":false}},{"SPRITE":{"name":"0027","x":1344,"y":1504,"w":174,"h":98,"rotated":false}},{"SPRITE":{"name":"0028","x":340,"y":1356,"w":341,"h":260,"rotated":false}},{"SPRITE":{"name":"0029","x":1470,"y":0,"w":417,"h":611,"rotated":false}},{"SPRITE":{"name":"0030","x":1049,"y":0,"w":418,"h":613,"rotated":false}},{"SPRITE":{"name":"0031","x":340,"y":1185,"w":127,"h":105,"rotated":false}},{"SPRITE":{"name":"0032","x":684,"y":1455,"w":298,"h":262,"rotated":false}},{"SPRITE":{"name":"0033","x":1236,"y":1091,"w":294,"h":410,"rotated":false}},{"SPRITE":{"name":"0034","x":1172,"y":1504,"w":169,"h":132,"rotated":false}},{"SPRITE":{"name":"0035","x":1907,"y":1235,"w":138,"h":106,"rotated":false}},{"SPRITE":{"name":"0036","x":684,"y":1356,"w":147,"h":91,"rotated":false}},{"SPRITE":{"name":"0037","x":340,"y":1356,"w":341,"h":260,"rotated":false}}]},"meta":{"app":"Adobe Animate","version":"23.0.0.407","image":"spritemap1.png","format":"RGBA8888","size":{"w":2045,"h":1717},"resolution":"1"}}