﻿{"ATLAS":{"SPRITES":[{"SPRITE":{"name":"0001","x":125,"y":580,"w":318,"h":29,"rotated":false}},{"SPRITE":{"name":"0002","x":858,"y":582,"w":318,"h":29,"rotated":false}},{"SPRITE":{"name":"0003","x":1131,"y":431,"w":109,"h":144,"rotated":false}},{"SPRITE":{"name":"0004","x":1588,"y":445,"w":104,"h":144,"rotated":false}},{"SPRITE":{"name":"0005","x":952,"y":263,"w":207,"h":111,"rotated":false}},{"SPRITE":{"name":"0006","x":1547,"y":0,"w":214,"h":163,"rotated":false}},{"SPRITE":{"name":"0007","x":1657,"y":594,"w":116,"h":65,"rotated":false}},{"SPRITE":{"name":"0008","x":446,"y":558,"w":97,"h":63,"rotated":false}},{"SPRITE":{"name":"0009","x":0,"y":605,"w":108,"h":45,"rotated":false}},{"SPRITE":{"name":"0010","x":952,"y":377,"w":176,"h":98,"rotated":false}},{"SPRITE":{"name":"0011","x":750,"y":388,"w":116,"h":147,"rotated":false}},{"SPRITE":{"name":"0012","x":133,"y":358,"w":160,"h":111,"rotated":false}},{"SPRITE":{"name":"0013","x":133,"y":472,"w":127,"h":105,"rotated":false}},{"SPRITE":{"name":"0014","x":1547,"y":166,"w":213,"h":163,"rotated":false}},{"SPRITE":{"name":"0015","x":326,"y":263,"w":210,"h":164,"rotated":false}},{"SPRITE":{"name":"0016","x":539,"y":263,"w":208,"h":165,"rotated":false}},{"SPRITE":{"name":"0017","x":1764,"y":0,"w":212,"h":164,"rotated":false}},{"SPRITE":{"name":"0018","x":1763,"y":167,"w":213,"h":163,"rotated":false}},{"SPRITE":{"name":"0019","x":1547,"y":0,"w":214,"h":163,"rotated":false}},{"SPRITE":{"name":"0020","x":0,"y":0,"w":323,"h":355,"rotated":false}},{"SPRITE":{"name":"0021","x":1358,"y":0,"w":186,"h":204,"rotated":false}},{"SPRITE":{"name":"0022","x":1499,"y":332,"w":208,"h":110,"rotated":false}},{"SPRITE":{"name":"0023","x":1979,"y":0,"w":22,"h":35,"rotated":false}},{"SPRITE":{"name":"0024","x":2004,"y":0,"w":12,"h":41,"rotated":false}},{"SPRITE":{"name":"0025","x":2019,"y":0,"w":12,"h":35,"rotated":false}},{"SPRITE":{"name":"0026","x":296,"y":430,"w":128,"h":128,"rotated":false}},{"SPRITE":{"name":"0027","x":561,"y":431,"w":150,"h":108,"rotated":false}},{"SPRITE":{"name":"0028","x":296,"y":430,"w":128,"h":128,"rotated":false}},{"SPRITE":{"name":"0029","x":561,"y":431,"w":150,"h":108,"rotated":false}},{"SPRITE":{"name":"0030","x":296,"y":430,"w":128,"h":128,"rotated":false}},{"SPRITE":{"name":"0031","x":561,"y":431,"w":150,"h":108,"rotated":false}},{"SPRITE":{"name":"0032","x":1435,"y":445,"w":150,"h":101,"rotated":false}},{"SPRITE":{"name":"0033","x":1820,"y":556,"w":152,"h":57,"rotated":false}},{"SPRITE":{"name":"0034","x":1511,"y":592,"w":143,"h":53,"rotated":false}},{"SPRITE":{"name":"0035","x":714,"y":538,"w":141,"h":80,"rotated":false}},{"SPRITE":{"name":"0036","x":0,"y":358,"w":130,"h":144,"rotated":false}},{"SPRITE":{"name":"0037","x":427,"y":431,"w":131,"h":124,"rotated":false}},{"SPRITE":{"name":"0038","x":0,"y":358,"w":130,"h":144,"rotated":false}},{"SPRITE":{"name":"0039","x":427,"y":431,"w":131,"h":124,"rotated":false}},{"SPRITE":{"name":"0040","x":1840,"y":446,"w":131,"h":107,"rotated":false}},{"SPRITE":{"name":"0041","x":1243,"y":526,"w":131,"h":88,"rotated":false}},{"SPRITE":{"name":"0042","x":561,"y":542,"w":131,"h":82,"rotated":false}},{"SPRITE":{"name":"0043","x":1377,"y":549,"w":131,"h":80,"rotated":false}},{"SPRITE":{"name":"0044","x":1840,"y":446,"w":131,"h":107,"rotated":false}},{"SPRITE":{"name":"0045","x":1358,"y":207,"w":138,"h":186,"rotated":false}},{"SPRITE":{"name":"0046","x":1162,"y":263,"w":133,"h":165,"rotated":false}},{"SPRITE":{"name":"0047","x":1358,"y":207,"w":138,"h":186,"rotated":false}},{"SPRITE":{"name":"0048","x":1162,"y":263,"w":133,"h":165,"rotated":false}},{"SPRITE":{"name":"0049","x":1358,"y":207,"w":138,"h":186,"rotated":false}},{"SPRITE":{"name":"0050","x":1162,"y":263,"w":133,"h":165,"rotated":false}},{"SPRITE":{"name":"0051","x":1710,"y":333,"w":127,"h":157,"rotated":false}},{"SPRITE":{"name":"0052","x":1298,"y":396,"w":134,"h":127,"rotated":false}},{"SPRITE":{"name":"0053","x":996,"y":478,"w":125,"h":99,"rotated":false}},{"SPRITE":{"name":"0054","x":0,"y":505,"w":122,"h":97,"rotated":false}},{"SPRITE":{"name":"0055","x":1695,"y":493,"w":122,"h":98,"rotated":false}},{"SPRITE":{"name":"0056","x":869,"y":478,"w":124,"h":101,"rotated":false}},{"SPRITE":{"name":"0057","x":0,"y":505,"w":122,"h":97,"rotated":false}},{"SPRITE":{"name":"0058","x":1695,"y":493,"w":122,"h":98,"rotated":false}},{"SPRITE":{"name":"0059","x":869,"y":478,"w":124,"h":101,"rotated":false}},{"SPRITE":{"name":"0060","x":0,"y":505,"w":122,"h":97,"rotated":false}},{"SPRITE":{"name":"0061","x":1695,"y":493,"w":122,"h":98,"rotated":false}},{"SPRITE":{"name":"0062","x":869,"y":478,"w":124,"h":101,"rotated":false}},{"SPRITE":{"name":"0063","x":0,"y":505,"w":122,"h":97,"rotated":false}},{"SPRITE":{"name":"0064","x":1695,"y":493,"w":122,"h":98,"rotated":false}},{"SPRITE":{"name":"0065","x":869,"y":478,"w":124,"h":101,"rotated":false}},{"SPRITE":{"name":"0066","x":0,"y":505,"w":122,"h":97,"rotated":false}},{"SPRITE":{"name":"0067","x":326,"y":0,"w":341,"h":260,"rotated":false}},{"SPRITE":{"name":"0068","x":670,"y":0,"w":341,"h":260,"rotated":false}},{"SPRITE":{"name":"0069","x":1014,"y":0,"w":341,"h":260,"rotated":false}},{"SPRITE":{"name":"0070","x":326,"y":0,"w":341,"h":260,"rotated":false}},{"SPRITE":{"name":"0071","x":326,"y":0,"w":341,"h":260,"rotated":false}},{"SPRITE":{"name":"0072","x":326,"y":0,"w":341,"h":260,"rotated":false}},{"SPRITE":{"name":"0073","x":326,"y":0,"w":341,"h":260,"rotated":false}},{"SPRITE":{"name":"0074","x":750,"y":263,"w":199,"h":122,"rotated":false}},{"SPRITE":{"name":"0075","x":1840,"y":333,"w":175,"h":110,"rotated":false}},{"SPRITE":{"name":"0076","x":1547,"y":0,"w":214,"h":163,"rotated":false}}]},"meta":{"app":"Adobe Animate","version":"23.0.0.407","image":"spritemap1.png","format":"RGBA8888","size":{"w":2031,"h":659},"resolution":"1"}}