<!DOCTYPE codename-engine-stage>
<stage zoom="0.45" name="deimos" folder="stages/deimos/">
	<combo/>
	<sprite name="skystage" x="-281" y="-2345" sprite="skystage" scale="1.6" scrolly="0.9"/>
	<sprite name="helicopter" x="-1565" y="-1700" sprite="helicopter" scale="1.3" type="loop"/>
	<sprite name="buildingsbehind" x="-3281" y="-2335" sprite="buildingsbehind" scale="0.9" scroll="0.8"/>
	<sprite name="bgbuildings" x="-3276" y="-2352" sprite="bgbuildings" scale="0.9" scroll="0.9"/>
	<sprite name="windowlight" x="-3276" y="-2350" sprite="windowlight" scale="0.9" scroll="0.9"/>
	<sprite name="buildingstage" x="-2081" y="-825" sprite="buildingstage" scale="1.6"/>

	<gf x="350" y="-750"/>


	<dad x="-700" y="-400"/>
	<boyfriend x="200" y="-400"/>
	<sprite name="lowerfog" x="-2281" y="-2345" sprite="lowerfog" scale="0.9"/>

	<sprite name="upperdust" x="-2276" y="-2350" sprite="lowerfog" scale="0.9"/>

</stage>