<!DOCTYPE codename-engine-stage>
<stage zoom="0.3" name="sanford" folder="stages/sanford/">
	<combo/>
	<sprite name="backcity" x="-3945" y="-3136" sprite="backcity" scale="1.6" scroll="1.5"/>
	<sprite name="cityfront" x="-3945" y="-3136" sprite="cityfront" scale="1.6"/>
	<gf x="-1400" y="-750" scale="1.3"/>
	<sprite name="bg_chars_left" x="-3165" y="-200" sprite="bg_chars_left" scale="1.3" type="onbeat" beatInterval="1" alpha="0"/>
	<sprite name="bg_chars_right" x="-808" y="-300" sprite="bg_chars_right" scale="1.3" type="onbeat" beatInterval="1" alpha="0"/>
	<dad x="-2000" y="-100" scale="1.3"/>
	<boyfriend x="-1000" y="-100" scale="1.3"/>
	<sprite name="dust" x="-3945" y="-3136" sprite="dust" scale="1.6"/>
	<sprite name="foregroundies" x="-2301" y="631" scrollx="0.9" sprite="foregroundies" scale="1.6" type="onbeat" beatInterval="1" alpha="0"/>
</stage>
