﻿{"ATLAS": {"SPRITES":[ 
{"SPRITE" : {"name": "0000","x":407,"y":416,"w":145,"h":185,"rotated": false}},
{"SPRITE" : {"name": "0001","x":407,"y":0,"w":346,"h":413,"rotated": false}},
{"SPRITE" : {"name": "0002","x":0,"y":0,"w":404,"h":426,"rotated": false}},
{"SPRITE" : {"name": "0003","x":300,"y":508,"w":88,"h":82,"rotated": false}},
{"SPRITE" : {"name": "0004","x":120,"y":429,"w":84,"h":128,"rotated": false}},
{"SPRITE" : {"name": "0005","x":555,"y":416,"w":119,"h":158,"rotated": false}},
{"SPRITE" : {"name": "0006","x":677,"y":416,"w":58,"h":101,"rotated": false}},
{"SPRITE" : {"name": "0007","x":207,"y":508,"w":90,"h":99,"rotated": false}},
{"SPRITE" : {"name": "0008","x":0,"y":429,"w":117,"h":96,"rotated": false}},
{"SPRITE" : {"name": "0009","x":756,"y":0,"w":259,"h":254,"rotated": false}},
{"SPRITE" : {"name": "0010","x":207,"y":429,"w":119,"h":76,"rotated": false}},
{"SPRITE" : {"name": "0011","x":756,"y":257,"w":252,"h":258,"rotated": false}}
]},
"meta": {
"app": "Adobe Animate",
"version": "23.0.0.407",
"image": "spritemap1.png",
"format": "RGBA8888",
"size": {"w":1015,"h":607},
"resolution": "1"
}
}
