<?xml version="1.0" encoding="UTF-8"?>
<!--
Created with Funkin Packer v0.1.3 https://neeeoo.github.io/funkin-packer/
-->
<TextureAtlas imagePath="button_settings.png" width="505" height="1844" spritePadding="3" borderPadding="1">
	<SubTexture name="anim0000" x="1" y="425" width="495" height="208" frameX="-13" frameY="-1" frameWidth="516" frameHeight="209"/>
	<SubTexture name="anim0001" x="1" y="425" width="495" height="208" frameX="-13" frameY="-1" frameWidth="516" frameHeight="209"/>
	<SubTexture name="anim0002" x="1" y="1052" width="499" height="202" frameX="-9" frameY="-7" frameWidth="516" frameHeight="209"/>
	<SubTexture name="anim0003" x="1" y="1052" width="499" height="202" frameX="-9" frameY="-7" frameWidth="516" frameHeight="209"/>
	<SubTexture name="anim0004" x="1" y="1462" width="470" height="189" frameX="-13" frameY="-19" frameWidth="516" frameHeight="209"/>
	<SubTexture name="anim0005" x="1" y="1462" width="470" height="189" frameX="-13" frameY="-19" frameWidth="516" frameHeight="209"/>
	<SubTexture name="anim0006" x="1" y="1" width="494" height="209" frameX="-2" frameY="0" frameWidth="516" frameHeight="209"/>
	<SubTexture name="anim0007" x="1" y="1" width="494" height="209" frameX="-2" frameY="0" frameWidth="516" frameHeight="209"/>
	<SubTexture name="anim0008" x="1" y="1" width="494" height="209" frameX="-2" frameY="0" frameWidth="516" frameHeight="209"/>
	<SubTexture name="anim0009" x="1" y="1" width="494" height="209" frameX="-2" frameY="0" frameWidth="516" frameHeight="209"/>
	<SubTexture name="anim0010" x="1" y="847" width="503" height="202" frameX="-13" frameY="-7" frameWidth="516" frameHeight="209"/>
</TextureAtlas>