<?xml version="1.0" encoding="UTF-8"?>
<!--
Created with Funkin Packer v0.1.3 https://neeeoo.github.io/funkin-packer/
-->
<TextureAtlas imagePath="button_freeplay.png" width="5850" height="207" spritePadding="3" borderPadding="1">
	<SubTexture name="anim0000" x="1" y="1" width="463" height="187" frameX="-11" frameY="-19" frameWidth="507" frameHeight="206"/>
	<SubTexture name="anim0001" x="1" y="1" width="463" height="187" frameX="-11" frameY="-19" frameWidth="507" frameHeight="206"/>
	<SubTexture name="anim0002" x="933" y="1" width="492" height="199" frameX="-7" frameY="-7" frameWidth="507" frameHeight="206"/>
	<SubTexture name="anim0003" x="933" y="1" width="492" height="199" frameX="-7" frameY="-7" frameWidth="507" frameHeight="206"/>
	<SubTexture name="anim0004" x="2919" y="1" width="486" height="205" frameX="-1" frameY="-1" frameWidth="507" frameHeight="206"/>
	<SubTexture name="anim0005" x="2919" y="1" width="486" height="205" frameX="-1" frameY="-1" frameWidth="507" frameHeight="206"/>
	<SubTexture name="anim0006" x="3408" y="1" width="485" height="205" frameX="-14" frameY="-1" frameWidth="507" frameHeight="206"/>
	<SubTexture name="anim0007" x="3408" y="1" width="485" height="205" frameX="-14" frameY="-1" frameWidth="507" frameHeight="206"/>
	<SubTexture name="anim0008" x="1428" y="1" width="495" height="199" frameX="-12" frameY="-7" frameWidth="507" frameHeight="206"/>
	<SubTexture name="anim0009" x="1428" y="1" width="495" height="199" frameX="-12" frameY="-7" frameWidth="507" frameHeight="206"/>
	<SubTexture name="anim0010" x="2421" y="1" width="495" height="203" frameX="-12" frameY="-3" frameWidth="507" frameHeight="206"/>
	<SubTexture name="anim0011" x="2421" y="1" width="495" height="203" frameX="-12" frameY="-3" frameWidth="507" frameHeight="206"/>
	<SubTexture name="anim0012" x="3896" y="1" width="486" height="205" frameX="-12" frameY="-1" frameWidth="507" frameHeight="206"/>
	<SubTexture name="anim0013" x="3896" y="1" width="486" height="205" frameX="-12" frameY="-1" frameWidth="507" frameHeight="206"/>
	<SubTexture name="anim0014" x="4385" y="1" width="487" height="205" frameX="-12" frameY="-1" frameWidth="507" frameHeight="206"/>
	<SubTexture name="anim0015" x="4385" y="1" width="487" height="205" frameX="-12" frameY="-1" frameWidth="507" frameHeight="206"/>
</TextureAtlas>