<?xml version="1.0" encoding="UTF-8"?>
<!--
Created with Funkin Packer v0.1.3 https://neeeoo.github.io/funkin-packer/
-->
<TextureAtlas imagePath="button_credits.png" width="5756" height="222" spritePadding="3" borderPadding="1">
	<SubTexture name="anim0000" x="1" y="1" width="521" height="220" frameX="-1" frameY="0" frameWidth="543" frameHeight="220"/>
	<SubTexture name="anim0001" x="1" y="1" width="521" height="220" frameX="-1" frameY="0" frameWidth="543" frameHeight="220"/>
	<SubTexture name="anim0002" x="1049" y="1" width="519" height="220" frameX="-16" frameY="0" frameWidth="543" frameHeight="220"/>
	<SubTexture name="anim0003" x="1049" y="1" width="519" height="220" frameX="-16" frameY="0" frameWidth="543" frameHeight="220"/>
	<SubTexture name="anim0004" x="2093" y="1" width="521" height="219" frameX="-13" frameY="-1" frameWidth="543" frameHeight="220"/>
	<SubTexture name="anim0005" x="2093" y="1" width="521" height="219" frameX="-13" frameY="-1" frameWidth="543" frameHeight="220"/>
	<SubTexture name="anim0006" x="3665" y="1" width="530" height="213" frameX="-13" frameY="-7" frameWidth="543" frameHeight="220"/>
	<SubTexture name="anim0007" x="3665" y="1" width="530" height="213" frameX="-13" frameY="-7" frameWidth="543" frameHeight="220"/>
	<SubTexture name="anim0008" x="2617" y="1" width="521" height="219" frameX="-13" frameY="-1" frameWidth="543" frameHeight="220"/>
	<SubTexture name="anim0009" x="2617" y="1" width="521" height="219" frameX="-13" frameY="-1" frameWidth="543" frameHeight="220"/>
	<SubTexture name="anim0010" x="5260" y="1" width="495" height="200" frameX="-12" frameY="-20" frameWidth="543" frameHeight="220"/>
	<SubTexture name="anim0011" x="5260" y="1" width="495" height="200" frameX="-12" frameY="-20" frameWidth="543" frameHeight="220"/>
	<SubTexture name="anim0012" x="4730" y="1" width="527" height="213" frameX="-8" frameY="-7" frameWidth="543" frameHeight="220"/>
	<SubTexture name="anim0013" x="4730" y="1" width="527" height="213" frameX="-8" frameY="-7" frameWidth="543" frameHeight="220"/>
	<SubTexture name="anim0014" x="4730" y="1" width="527" height="213" frameX="-8" frameY="-7" frameWidth="543" frameHeight="220"/>
	<SubTexture name="anim0015" x="4730" y="1" width="527" height="213" frameX="-8" frameY="-7" frameWidth="543" frameHeight="220"/>
</TextureAtlas>