<!DOCTYPE codename-engine-splashes>
<splashes sprite="game/splashes/default" alpha="1">
	<strum id="0"> <!-- LEFT -->
		<anim name="splashleft1" anim="purple" fps="24" x="0" y="0" />
		<anim name="splashleft2" anim="purple" fps="24" x="0" y="0" />
	</strum>
	<strum id="1"> <!-- DOWN -->
		<anim name="splashdown1" anim="blue" fps="24" x="0" y="0" />
		<anim name="splashdown2" anim="blue" fps="24" x="0" y="0" />
	</strum>
	<strum id="2"> <!-- UP -->
		<anim name="splashup1" anim="green" fps="24" x="0" y="0" />
		<anim name="splashup2" anim="green" fps="24" x="0" y="0" />
	</strum>
	<strum id="3"> <!-- RIGHT -->
		<anim name="splashright1" anim="red" fps="24" x="0" y="0" />
		<anim name="splashright2" anim="red" fps="24" x="0" y="0" />
	</strum>
</splashes>