﻿{"ATLAS":{"SPRITES":[{"SPRITE":{"name":"0002","x":1232,"y":764,"w":112,"h":190,"rotated":false}},{"SPRITE":{"name":"0003","x":1510,"y":1236,"w":281,"h":224,"rotated":false}},{"SPRITE":{"name":"0004","x":700,"y":0,"w":391,"h":334,"rotated":false}},{"SPRITE":{"name":"0005","x":1358,"y":755,"w":330,"h":236,"rotated":false}},{"SPRITE":{"name":"0006","x":160,"y":1534,"w":115,"h":138,"rotated":false}},{"SPRITE":{"name":"0007","x":1794,"y":1235,"w":235,"h":256,"rotated":false}},{"SPRITE":{"name":"0008","x":1094,"y":0,"w":347,"h":370,"rotated":false}},{"SPRITE":{"name":"0009","x":700,"y":337,"w":340,"h":370,"rotated":false}},{"SPRITE":{"name":"0010","x":1444,"y":0,"w":343,"h":370,"rotated":false}},{"SPRITE":{"name":"0011","x":328,"y":764,"w":278,"h":272,"rotated":false}},{"SPRITE":{"name":"0012","x":1024,"y":1466,"w":169,"h":118,"rotated":false}},{"SPRITE":{"name":"0013","x":1232,"y":994,"w":275,"h":242,"rotated":false}},{"SPRITE":{"name":"0014","x":337,"y":0,"w":360,"h":390,"rotated":false}},{"SPRITE":{"name":"0015","x":1790,"y":285,"w":90,"h":83,"rotated":false}},{"SPRITE":{"name":"0016","x":1758,"y":1494,"w":154,"h":118,"rotated":false}},{"SPRITE":{"name":"0017","x":0,"y":783,"w":259,"h":258,"rotated":false}},{"SPRITE":{"name":"0018","x":0,"y":0,"w":334,"h":520,"rotated":false}},{"SPRITE":{"name":"0019","x":1434,"y":1463,"w":321,"h":95,"rotated":false}},{"SPRITE":{"name":"0020","x":645,"y":589,"w":52,"h":31,"rotated":false}},{"SPRITE":{"name":"0021","x":645,"y":500,"w":40,"h":47,"rotated":false}},{"SPRITE":{"name":"0022","x":645,"y":449,"w":41,"h":48,"rotated":false}},{"SPRITE":{"name":"0023","x":1976,"y":486,"w":45,"h":43,"rotated":false}},{"SPRITE":{"name":"0024","x":1976,"y":583,"w":52,"h":33,"rotated":false}},{"SPRITE":{"name":"0025","x":1976,"y":532,"w":39,"h":48,"rotated":false}},{"SPRITE":{"name":"0026","x":1976,"y":619,"w":52,"h":30,"rotated":false}},{"SPRITE":{"name":"0027","x":645,"y":550,"w":50,"h":36,"rotated":false}},{"SPRITE":{"name":"0028","x":1976,"y":652,"w":53,"h":27,"rotated":false}},{"SPRITE":{"name":"0029","x":1976,"y":682,"w":53,"h":27,"rotated":false}},{"SPRITE":{"name":"0030","x":972,"y":710,"w":53,"h":27,"rotated":false}},{"SPRITE":{"name":"0031","x":1976,"y":712,"w":53,"h":27,"rotated":false}},{"SPRITE":{"name":"0032","x":510,"y":1479,"w":167,"h":115,"rotated":false}},{"SPRITE":{"name":"0033","x":0,"y":1459,"w":157,"h":131,"rotated":false}},{"SPRITE":{"name":"0034","x":609,"y":969,"w":260,"h":256,"rotated":false}},{"SPRITE":{"name":"0035","x":972,"y":764,"w":257,"h":261,"rotated":false}},{"SPRITE":{"name":"0036","x":1358,"y":373,"w":307,"h":378,"rotated":false}},{"SPRITE":{"name":"0037","x":1668,"y":373,"w":305,"h":379,"rotated":false}},{"SPRITE":{"name":"0038","x":337,"y":393,"w":305,"h":368,"rotated":false}},{"SPRITE":{"name":"0039","x":1972,"y":285,"w":56,"h":50,"rotated":false}},{"SPRITE":{"name":"0040","x":1976,"y":338,"w":60,"h":46,"rotated":false}},{"SPRITE":{"name":"0041","x":0,"y":523,"w":325,"h":257,"rotated":false}},{"SPRITE":{"name":"0042","x":1691,"y":755,"w":330,"h":236,"rotated":false}},{"SPRITE":{"name":"0043","x":645,"y":710,"w":324,"h":256,"rotated":false}},{"SPRITE":{"name":"0044","x":1196,"y":1466,"w":167,"h":117,"rotated":false}},{"SPRITE":{"name":"0045","x":278,"y":1534,"w":132,"h":115,"rotated":false}},{"SPRITE":{"name":"0046","x":0,"y":1593,"w":86,"h":128,"rotated":false}},{"SPRITE":{"name":"0047","x":502,"y":1597,"w":103,"h":92,"rotated":false}},{"SPRITE":{"name":"0048","x":0,"y":1593,"w":86,"h":128,"rotated":false}},{"SPRITE":{"name":"0049","x":972,"y":740,"w":65,"h":16,"rotated":false}},{"SPRITE":{"name":"0050","x":262,"y":1039,"w":259,"h":248,"rotated":false}},{"SPRITE":{"name":"0051","x":1510,"y":994,"w":275,"h":239,"rotated":false}},{"SPRITE":{"name":"0052","x":1915,"y":1494,"w":105,"h":171,"rotated":false}},{"SPRITE":{"name":"0053","x":262,"y":1290,"w":245,"h":241,"rotated":false}},{"SPRITE":{"name":"0054","x":1790,"y":0,"w":239,"h":282,"rotated":false}},{"SPRITE":{"name":"0055","x":1043,"y":373,"w":312,"h":388,"rotated":false}},{"SPRITE":{"name":"0056","x":413,"y":1534,"w":86,"h":133,"rotated":false}},{"SPRITE":{"name":"0057","x":785,"y":1529,"w":145,"h":110,"rotated":false}},{"SPRITE":{"name":"0058","x":1788,"y":994,"w":254,"h":238,"rotated":false}},{"SPRITE":{"name":"0059","x":680,"y":1479,"w":102,"h":157,"rotated":false}},{"SPRITE":{"name":"0060","x":0,"y":1044,"w":259,"h":248,"rotated":false}},{"SPRITE":{"name":"0061","x":1699,"y":1615,"w":96,"h":98,"rotated":false}},{"SPRITE":{"name":"0062","x":872,"y":1028,"w":275,"h":239,"rotated":false}},{"SPRITE":{"name":"0063","x":793,"y":1642,"w":84,"h":86,"rotated":false}},{"SPRITE":{"name":"0064","x":1883,"y":285,"w":86,"h":84,"rotated":false}},{"SPRITE":{"name":"0065","x":706,"y":1642,"w":84,"h":88,"rotated":false}},{"SPRITE":{"name":"0066","x":608,"y":1639,"w":95,"h":87,"rotated":false}},{"SPRITE":{"name":"0067","x":1798,"y":1615,"w":97,"h":87,"rotated":false}},{"SPRITE":{"name":"0068","x":1150,"y":1028,"w":77,"h":87,"rotated":false}},{"SPRITE":{"name":"0069","x":1594,"y":1561,"w":102,"h":120,"rotated":false}},{"SPRITE":{"name":"0070","x":933,"y":1587,"w":105,"h":111,"rotated":false}},{"SPRITE":{"name":"0071","x":1196,"y":1586,"w":102,"h":119,"rotated":false}},{"SPRITE":{"name":"0072","x":1041,"y":1587,"w":103,"h":111,"rotated":false}},{"SPRITE":{"name":"0073","x":1484,"y":1561,"w":107,"h":121,"rotated":false}},{"SPRITE":{"name":"0074","x":1366,"y":1561,"w":115,"h":118,"rotated":false}},{"SPRITE":{"name":"0075","x":645,"y":623,"w":49,"h":12,"rotated":false}},{"SPRITE":{"name":"0076","x":1976,"y":428,"w":45,"h":55,"rotated":false}},{"SPRITE":{"name":"0077","x":645,"y":393,"w":48,"h":53,"rotated":false}},{"SPRITE":{"name":"0078","x":872,"y":969,"w":70,"h":36,"rotated":false}},{"SPRITE":{"name":"0079","x":1976,"y":387,"w":68,"h":38,"rotated":false}},{"SPRITE":{"name":"0080","x":1976,"y":428,"w":45,"h":55,"rotated":false}},{"SPRITE":{"name":"0081","x":872,"y":969,"w":70,"h":36,"rotated":false}},{"SPRITE":{"name":"0082","x":1232,"y":957,"w":106,"h":19,"rotated":false}},{"SPRITE":{"name":"0083","x":524,"y":1228,"w":259,"h":248,"rotated":false}},{"SPRITE":{"name":"0084","x":1024,"y":1270,"w":115,"h":177,"rotated":false}},{"SPRITE":{"name":"0085","x":1150,"y":1239,"w":281,"h":224,"rotated":false}},{"SPRITE":{"name":"0086","x":0,"y":1295,"w":176,"h":161,"rotated":false}},{"SPRITE":{"name":"0087","x":786,"y":1270,"w":235,"h":256,"rotated":false}}]},"meta":{"app":"Adobe Animate","version":"23.0.0.407","image":"spritemap1.png","format":"RGBA8888","size":{"w":2044,"h":1730},"resolution":"1"}}