﻿{"ATLAS": {"SPRITES":[ 
{"SPRITE" : {"name": "0000","x":408,"y":293,"w":124,"h":202,"rotated": false}},
{"SPRITE" : {"name": "0001","x":0,"y":1433,"w":234,"h":289,"rotated": false}},
{"SPRITE" : {"name": "0002","x":3852,"y":290,"w":239,"h":322,"rotated": false}},
{"SPRITE" : {"name": "0003","x":2656,"y":843,"w":273,"h":344,"rotated": false}},
{"SPRITE" : {"name": "0004","x":1321,"y":827,"w":291,"h":328,"rotated": false}},
{"SPRITE" : {"name": "0005","x":1023,"y":827,"w":295,"h":324,"rotated": false}},
{"SPRITE" : {"name": "0006","x":718,"y":705,"w":302,"h":320,"rotated": false}},
{"SPRITE" : {"name": "0007","x":0,"y":845,"w":294,"h":319,"rotated": false}},
{"SPRITE" : {"name": "0008","x":410,"y":662,"w":305,"h":319,"rotated": false}},
{"SPRITE" : {"name": "0009","x":355,"y":1212,"w":268,"h":278,"rotated": false}},
{"SPRITE" : {"name": "0010","x":1097,"y":0,"w":323,"h":435,"rotated": false}},
{"SPRITE" : {"name": "0011","x":1576,"y":2204,"w":152,"h":134,"rotated": false}},
{"SPRITE" : {"name": "0012","x":3919,"y":788,"w":163,"h":119,"rotated": false}},
{"SPRITE" : {"name": "0013","x":0,"y":0,"w":533,"h":290,"rotated": false}},
{"SPRITE" : {"name": "0014","x":536,"y":0,"w":558,"h":271,"rotated": false}},
{"SPRITE" : {"name": "0015","x":1423,"y":0,"w":486,"h":272,"rotated": false}},
{"SPRITE" : {"name": "0016","x":1423,"y":275,"w":433,"h":272,"rotated": false}},
{"SPRITE" : {"name": "0017","x":3520,"y":0,"w":434,"h":287,"rotated": false}},
{"SPRITE" : {"name": "0018","x":3103,"y":0,"w":414,"h":306,"rotated": false}},
{"SPRITE" : {"name": "0019","x":2315,"y":0,"w":413,"h":316,"rotated": false}},
{"SPRITE" : {"name": "0020","x":2072,"y":605,"w":150,"h":198,"rotated": false}},
{"SPRITE" : {"name": "0021","x":3731,"y":916,"w":301,"h":279,"rotated": false}},
{"SPRITE" : {"name": "0022","x":2731,"y":0,"w":369,"h":350,"rotated": false}},
{"SPRITE" : {"name": "0023","x":3957,"y":0,"w":133,"h":193,"rotated": false}},
{"SPRITE" : {"name": "0024","x":3631,"y":1198,"w":411,"h":191,"rotated": false}},
{"SPRITE" : {"name": "0025","x":2932,"y":1124,"w":392,"h":209,"rotated": false}},
{"SPRITE" : {"name": "0026","x":2724,"y":353,"w":373,"h":222,"rotated": false}},
{"SPRITE" : {"name": "0027","x":897,"y":1428,"w":345,"h":199,"rotated": false}},
{"SPRITE" : {"name": "0028","x":1602,"y":1325,"w":354,"h":212,"rotated": false}},
{"SPRITE" : {"name": "0029","x":3631,"y":1392,"w":349,"h":211,"rotated": false}},
{"SPRITE" : {"name": "0030","x":0,"y":1212,"w":352,"h":218,"rotated": false}},
{"SPRITE" : {"name": "0031","x":3158,"y":2051,"w":123,"h":170,"rotated": false}},
{"SPRITE" : {"name": "0032","x":505,"y":1626,"w":258,"h":254,"rotated": false}},
{"SPRITE" : {"name": "0033","x":3520,"y":290,"w":329,"h":352,"rotated": false}},
{"SPRITE" : {"name": "0034","x":2319,"y":2506,"w":138,"h":118,"rotated": false}},
{"SPRITE" : {"name": "0035","x":382,"y":1883,"w":370,"h":165,"rotated": false}},
{"SPRITE" : {"name": "0036","x":0,"y":1750,"w":379,"h":168,"rotated": false}},
{"SPRITE" : {"name": "0037","x":1115,"y":1660,"w":378,"h":170,"rotated": false}},
{"SPRITE" : {"name": "0038","x":1811,"y":1791,"w":367,"h":169,"rotated": false}},
{"SPRITE" : {"name": "0039","x":3522,"y":1606,"w":388,"h":169,"rotated": false}},
{"SPRITE" : {"name": "0040","x":2227,"y":1692,"w":379,"h":169,"rotated": false}},
{"SPRITE" : {"name": "0041","x":1078,"y":1833,"w":365,"h":169,"rotated": false}},
{"SPRITE" : {"name": "0042","x":2619,"y":1466,"w":265,"h":254,"rotated": false}},
{"SPRITE" : {"name": "0043","x":536,"y":274,"w":317,"h":385,"rotated": false}},
{"SPRITE" : {"name": "0044","x":1096,"y":2431,"w":132,"h":141,"rotated": false}},
{"SPRITE" : {"name": "0045","x":691,"y":2233,"w":346,"h":158,"rotated": false}},
{"SPRITE" : {"name": "0046","x":2793,"y":2249,"w":396,"h":139,"rotated": false}},
{"SPRITE" : {"name": "0047","x":2382,"y":2162,"w":408,"h":140,"rotated": false}},
{"SPRITE" : {"name": "0048","x":258,"y":2244,"w":399,"h":140,"rotated": false}},
{"SPRITE" : {"name": "0049","x":2926,"y":1888,"w":382,"h":160,"rotated": false}},
{"SPRITE" : {"name": "0050","x":0,"y":1921,"w":377,"h":160,"rotated": false}},
{"SPRITE" : {"name": "0051","x":2501,"y":1989,"w":351,"h":170,"rotated": false}},
{"SPRITE" : {"name": "0052","x":3311,"y":1993,"w":202,"h":295,"rotated": false}},
{"SPRITE" : {"name": "0053","x":626,"y":1349,"w":268,"h":274,"rotated": false}},
{"SPRITE" : {"name": "0054","x":694,"y":1028,"w":262,"h":318,"rotated": false}},
{"SPRITE" : {"name": "0055","x":2375,"y":1102,"w":253,"h":318,"rotated": false}},
{"SPRITE" : {"name": "0056","x":3913,"y":1606,"w":183,"h":122,"rotated": false}},
{"SPRITE" : {"name": "0057","x":3311,"y":1888,"w":157,"h":78,"rotated": false}},
{"SPRITE" : {"name": "0058","x":2926,"y":1786,"w":157,"h":80,"rotated": false}},
{"SPRITE" : {"name": "0059","x":2631,"y":1190,"w":278,"h":273,"rotated": false}},
{"SPRITE" : {"name": "0060","x":3960,"y":2450,"w":128,"h":125,"rotated": false}},
{"SPRITE" : {"name": "0061","x":3919,"y":615,"w":134,"h":170,"rotated": false}},
{"SPRITE" : {"name": "0062","x":1576,"y":2371,"w":308,"h":169,"rotated": false}},
{"SPRITE" : {"name": "0063","x":1290,"y":2406,"w":269,"h":182,"rotated": false}},
{"SPRITE" : {"name": "0064","x":3516,"y":2210,"w":273,"h":205,"rotated": false}},
{"SPRITE" : {"name": "0065","x":2090,"y":2061,"w":289,"h":198,"rotated": false}},
{"SPRITE" : {"name": "0066","x":2859,"y":2391,"w":272,"h":186,"rotated": false}},
{"SPRITE" : {"name": "0067","x":0,"y":2387,"w":269,"h":191,"rotated": false}},
{"SPRITE" : {"name": "0068","x":272,"y":2387,"w":262,"h":195,"rotated": false}},
{"SPRITE" : {"name": "0069","x":2595,"y":2391,"w":261,"h":194,"rotated": false}},
{"SPRITE" : {"name": "0070","x":839,"y":2431,"w":254,"h":173,"rotated": false}},
{"SPRITE" : {"name": "0071","x":3134,"y":2481,"w":230,"h":162,"rotated": false}},
{"SPRITE" : {"name": "0072","x":856,"y":274,"w":222,"h":161,"rotated": false}},
{"SPRITE" : {"name": "0073","x":2103,"y":2462,"w":213,"h":160,"rotated": false}},
{"SPRITE" : {"name": "0074","x":2408,"y":870,"w":212,"h":209,"rotated": false}},
{"SPRITE" : {"name": "0075","x":1887,"y":2462,"w":213,"h":175,"rotated": false}},
{"SPRITE" : {"name": "0076","x":3728,"y":2450,"w":229,"h":189,"rotated": false}},
{"SPRITE" : {"name": "0077","x":1446,"y":1999,"w":294,"h":202,"rotated": false}},
{"SPRITE" : {"name": "0078","x":755,"y":2023,"w":284,"h":207,"rotated": false}},
{"SPRITE" : {"name": "0079","x":3516,"y":1993,"w":278,"h":214,"rotated": false}},
{"SPRITE" : {"name": "0080","x":1810,"y":1963,"w":277,"h":216,"rotated": false}},
{"SPRITE" : {"name": "0081","x":3797,"y":2030,"w":270,"h":215,"rotated": false}},
{"SPRITE" : {"name": "0082","x":237,"y":1493,"w":265,"h":254,"rotated": false}},
{"SPRITE" : {"name": "0083","x":1211,"y":790,"w":45,"h":33,"rotated": false}},
{"SPRITE" : {"name": "0084","x":1615,"y":827,"w":44,"h":29,"rotated": false}},
{"SPRITE" : {"name": "0085","x":801,"y":662,"w":44,"h":39,"rotated": false}},
{"SPRITE" : {"name": "0086","x":2656,"y":789,"w":61,"h":29,"rotated": false}},
{"SPRITE" : {"name": "0087","x":2656,"y":661,"w":59,"h":32,"rotated": false}},
{"SPRITE" : {"name": "0088","x":2266,"y":389,"w":45,"h":43,"rotated": false}},
{"SPRITE" : {"name": "0089","x":1859,"y":275,"w":48,"h":41,"rotated": false}},
{"SPRITE" : {"name": "0090","x":4035,"y":979,"w":50,"h":26,"rotated": false}},
{"SPRITE" : {"name": "0091","x":4035,"y":1037,"w":46,"h":26,"rotated": false}},
{"SPRITE" : {"name": "0092","x":1825,"y":550,"w":27,"h":43,"rotated": false}},
{"SPRITE" : {"name": "0093","x":2225,"y":691,"w":27,"h":42,"rotated": false}},
{"SPRITE" : {"name": "0094","x":2225,"y":651,"w":33,"h":37,"rotated": false}},
{"SPRITE" : {"name": "0095","x":2266,"y":435,"w":42,"h":46,"rotated": false}},
{"SPRITE" : {"name": "0096","x":2266,"y":484,"w":43,"h":43,"rotated": false}},
{"SPRITE" : {"name": "0097","x":1211,"y":749,"w":45,"h":38,"rotated": false}},
{"SPRITE" : {"name": "0098","x":4035,"y":951,"w":53,"h":25,"rotated": false}},
{"SPRITE" : {"name": "0099","x":2656,"y":696,"w":65,"h":28,"rotated": false}},
{"SPRITE" : {"name": "0100","x":4040,"y":251,"w":56,"h":33,"rotated": false}},
{"SPRITE" : {"name": "0101","x":486,"y":546,"w":47,"h":39,"rotated": false}},
{"SPRITE" : {"name": "0102","x":486,"y":498,"w":41,"h":45,"rotated": false}},
{"SPRITE" : {"name": "0103","x":486,"y":588,"w":40,"h":44,"rotated": false}},
{"SPRITE" : {"name": "0104","x":2225,"y":605,"w":33,"h":43,"rotated": false}},
{"SPRITE" : {"name": "0105","x":2225,"y":691,"w":27,"h":42,"rotated": false}},
{"SPRITE" : {"name": "0106","x":4056,"y":660,"w":40,"h":38,"rotated": false}},
{"SPRITE" : {"name": "0107","x":297,"y":951,"w":54,"h":25,"rotated": false}},
{"SPRITE" : {"name": "0108","x":354,"y":951,"w":51,"h":26,"rotated": false}},
{"SPRITE" : {"name": "0109","x":4056,"y":701,"w":24,"h":43,"rotated": false}},
{"SPRITE" : {"name": "0110","x":2225,"y":691,"w":27,"h":42,"rotated": false}},
{"SPRITE" : {"name": "0111","x":3957,"y":273,"w":53,"h":12,"rotated": false}},
{"SPRITE" : {"name": "0112","x":3215,"y":583,"w":67,"h":54,"rotated": false}},
{"SPRITE" : {"name": "0113","x":3140,"y":583,"w":72,"h":53,"rotated": false}},
{"SPRITE" : {"name": "0114","x":959,"y":1028,"w":61,"h":20,"rotated": false}},
{"SPRITE" : {"name": "0115","x":3457,"y":621,"w":60,"h":19,"rotated": false}},
{"SPRITE" : {"name": "0116","x":2225,"y":736,"w":29,"h":35,"rotated": false}},
{"SPRITE" : {"name": "0117","x":4056,"y":615,"w":40,"h":42,"rotated": false}},
{"SPRITE" : {"name": "0118","x":2266,"y":530,"w":46,"h":39,"rotated": false}},
{"SPRITE" : {"name": "0119","x":4035,"y":910,"w":43,"h":38,"rotated": false}},
{"SPRITE" : {"name": "0120","x":2976,"y":843,"w":42,"h":40,"rotated": false}},
{"SPRITE" : {"name": "0121","x":3021,"y":843,"w":42,"h":40,"rotated": false}},
{"SPRITE" : {"name": "0122","x":2932,"y":843,"w":41,"h":41,"rotated": false}},
{"SPRITE" : {"name": "0123","x":1211,"y":705,"w":42,"h":41,"rotated": false}},
{"SPRITE" : {"name": "0124","x":4035,"y":1008,"w":48,"h":26,"rotated": false}},
{"SPRITE" : {"name": "0125","x":2151,"y":837,"w":69,"h":29,"rotated": false}},
{"SPRITE" : {"name": "0126","x":2151,"y":806,"w":74,"h":28,"rotated": false}},
{"SPRITE" : {"name": "0127","x":2072,"y":806,"w":76,"h":29,"rotated": false}},
{"SPRITE" : {"name": "0128","x":1959,"y":1534,"w":265,"h":254,"rotated": false}},
{"SPRITE" : {"name": "0129","x":3327,"y":1144,"w":301,"h":272,"rotated": false}},
{"SPRITE" : {"name": "0130","x":1959,"y":1534,"w":265,"h":254,"rotated": false}},
{"SPRITE" : {"name": "0131","x":3241,"y":1419,"w":278,"h":260,"rotated": false}},
{"SPRITE" : {"name": "0132","x":3422,"y":893,"w":85,"h":15,"rotated": false}},
{"SPRITE" : {"name": "0133","x":3364,"y":623,"w":90,"h":17,"rotated": false}},
{"SPRITE" : {"name": "0134","x":3329,"y":893,"w":90,"h":16,"rotated": false}},
{"SPRITE" : {"name": "0135","x":1023,"y":705,"w":185,"h":107,"rotated": false}},
{"SPRITE" : {"name": "0136","x":3515,"y":1778,"w":297,"h":212,"rotated": false}},
{"SPRITE" : {"name": "0137","x":1989,"y":1102,"w":383,"h":214,"rotated": false}},
{"SPRITE" : {"name": "0138","x":3329,"y":916,"w":399,"h":225,"rotated": false}},
{"SPRITE" : {"name": "0139","x":2012,"y":870,"w":393,"h":229,"rotated": false}},
{"SPRITE" : {"name": "0140","x":2932,"y":893,"w":394,"h":228,"rotated": false}},
{"SPRITE" : {"name": "0141","x":1615,"y":861,"w":394,"h":230,"rotated": false}},
{"SPRITE" : {"name": "0142","x":297,"y":984,"w":394,"h":225,"rotated": false}},
{"SPRITE" : {"name": "0143","x":1615,"y":1094,"w":371,"h":228,"rotated": false}},
{"SPRITE" : {"name": "0144","x":2912,"y":1336,"w":326,"h":228,"rotated": false}},
{"SPRITE" : {"name": "0145","x":2887,"y":1567,"w":309,"h":216,"rotated": false}},
{"SPRITE" : {"name": "0146","x":537,"y":2394,"w":299,"h":167,"rotated": false}},
{"SPRITE" : {"name": "0147","x":2855,"y":2051,"w":300,"h":195,"rotated": false}},
{"SPRITE" : {"name": "0148","x":2609,"y":1786,"w":314,"h":200,"rotated": false}},
{"SPRITE" : {"name": "0149","x":3199,"y":1682,"w":313,"h":203,"rotated": false}},
{"SPRITE" : {"name": "0150","x":1496,"y":1797,"w":311,"h":199,"rotated": false}},
{"SPRITE" : {"name": "0151","x":2181,"y":1864,"w":317,"h":194,"rotated": false}},
{"SPRITE" : {"name": "0152","x":3192,"y":2291,"w":284,"h":187,"rotated": false}},
{"SPRITE" : {"name": "0153","x":2051,"y":2262,"w":270,"h":197,"rotated": false}},
{"SPRITE" : {"name": "0154","x":2324,"y":2305,"w":268,"h":198,"rotated": false}},
{"SPRITE" : {"name": "0155","x":3792,"y":2248,"w":273,"h":199,"rotated": false}},
{"SPRITE" : {"name": "0156","x":1290,"y":2204,"w":283,"h":199,"rotated": false}},
{"SPRITE" : {"name": "0157","x":1743,"y":2182,"w":305,"h":186,"rotated": false}},
{"SPRITE" : {"name": "0158","x":766,"y":1820,"w":309,"h":200,"rotated": false}},
{"SPRITE" : {"name": "0159","x":380,"y":2051,"w":308,"h":190,"rotated": false}},
{"SPRITE" : {"name": "0160","x":1078,"y":2005,"w":312,"h":190,"rotated": false}},
{"SPRITE" : {"name": "0161","x":3479,"y":2418,"w":246,"h":194,"rotated": false}},
{"SPRITE" : {"name": "0162","x":1042,"y":2198,"w":245,"h":230,"rotated": false}},
{"SPRITE" : {"name": "0163","x":0,"y":2084,"w":255,"h":223,"rotated": false}},
{"SPRITE" : {"name": "0164","x":1263,"y":1158,"w":336,"h":235,"rotated": false}},
{"SPRITE" : {"name": "0165","x":3140,"y":645,"w":406,"h":245,"rotated": false}},
{"SPRITE" : {"name": "0166","x":1667,"y":605,"w":402,"h":253,"rotated": false}},
{"SPRITE" : {"name": "0167","x":2724,"y":583,"w":413,"h":257,"rotated": false}},
{"SPRITE" : {"name": "0168","x":0,"y":581,"w":407,"h":261,"rotated": false}},
{"SPRITE" : {"name": "0169","x":1859,"y":333,"w":404,"h":269,"rotated": false}},
{"SPRITE" : {"name": "0170","x":1269,"y":550,"w":395,"h":274,"rotated": false}},
{"SPRITE" : {"name": "0171","x":1811,"y":1540,"w":134,"h":167,"rotated": false}},
{"SPRITE" : {"name": "0172","x":3815,"y":1778,"w":243,"h":249,"rotated": false}},
{"SPRITE" : {"name": "0173","x":3983,"y":1465,"w":67,"h":66,"rotated": false}},
{"SPRITE" : {"name": "0174","x":3522,"y":1492,"w":69,"h":62,"rotated": false}},
{"SPRITE" : {"name": "0175","x":297,"y":925,"w":65,"h":23,"rotated": false}},
{"SPRITE" : {"name": "0176","x":3852,"y":615,"w":60,"h":24,"rotated": false}},
{"SPRITE" : {"name": "0177","x":4056,"y":747,"w":23,"h":29,"rotated": false}},
{"SPRITE" : {"name": "0178","x":505,"y":1493,"w":67,"h":62,"rotated": false}},
{"SPRITE" : {"name": "0179","x":2072,"y":838,"w":61,"h":28,"rotated": false}},
{"SPRITE" : {"name": "0180","x":1746,"y":550,"w":76,"h":39,"rotated": false}},
{"SPRITE" : {"name": "0181","x":3364,"y":583,"w":78,"h":37,"rotated": false}},
{"SPRITE" : {"name": "0182","x":3445,"y":583,"w":72,"h":35,"rotated": false}},
{"SPRITE" : {"name": "0183","x":4040,"y":196,"w":39,"h":52,"rotated": false}},
{"SPRITE" : {"name": "0184","x":2266,"y":333,"w":37,"h":53,"rotated": false}},
{"SPRITE" : {"name": "0185","x":297,"y":925,"w":65,"h":23,"rotated": false}},
{"SPRITE" : {"name": "0186","x":1269,"y":438,"w":73,"h":103,"rotated": false}},
{"SPRITE" : {"name": "0187","x":1345,"y":438,"w":73,"h":102,"rotated": false}},
{"SPRITE" : {"name": "0188","x":410,"y":498,"w":73,"h":93,"rotated": false}},
{"SPRITE" : {"name": "0189","x":3957,"y":196,"w":80,"h":74,"rotated": false}},
{"SPRITE" : {"name": "0190","x":1667,"y":550,"w":76,"h":51,"rotated": false}},
{"SPRITE" : {"name": "0191","x":3983,"y":1392,"w":68,"h":70,"rotated": false}},
{"SPRITE" : {"name": "0192","x":2656,"y":596,"w":61,"h":62,"rotated": false}},
{"SPRITE" : {"name": "0193","x":3285,"y":583,"w":76,"h":39,"rotated": false}},
{"SPRITE" : {"name": "0194","x":718,"y":662,"w":80,"h":36,"rotated": false}},
{"SPRITE" : {"name": "0195","x":297,"y":845,"w":69,"h":77,"rotated": false}},
{"SPRITE" : {"name": "0196","x":2656,"y":727,"w":64,"h":28,"rotated": false}},
{"SPRITE" : {"name": "0197","x":3522,"y":1419,"w":68,"h":70,"rotated": false}},
{"SPRITE" : {"name": "0198","x":3241,"y":1336,"w":69,"h":70,"rotated": false}},
{"SPRITE" : {"name": "0199","x":410,"y":594,"w":72,"h":65,"rotated": false}},
{"SPRITE" : {"name": "0200","x":3066,"y":843,"w":67,"h":25,"rotated": false}},
{"SPRITE" : {"name": "0201","x":2656,"y":758,"w":64,"h":28,"rotated": false}},
{"SPRITE" : {"name": "0202","x":959,"y":1154,"w":301,"h":271,"rotated": false}},
{"SPRITE" : {"name": "0203","x":2348,"y":1423,"w":268,"h":266,"rotated": false}},
{"SPRITE" : {"name": "0204","x":1544,"y":1540,"w":264,"h":254,"rotated": false}},
{"SPRITE" : {"name": "0205","x":766,"y":1630,"w":346,"h":187,"rotated": false}},
{"SPRITE" : {"name": "0206","x":1989,"y":1319,"w":356,"h":212,"rotated": false}},
{"SPRITE" : {"name": "0207","x":3549,"y":645,"w":367,"h":268,"rotated": false}},
{"SPRITE" : {"name": "0208","x":2266,"y":596,"w":387,"h":271,"rotated": false}},
{"SPRITE" : {"name": "0209","x":3103,"y":309,"w":414,"h":271,"rotated": false}},
{"SPRITE" : {"name": "0210","x":856,"y":438,"w":410,"h":264,"rotated": false}},
{"SPRITE" : {"name": "0211","x":0,"y":293,"w":405,"h":285,"rotated": false}},
{"SPRITE" : {"name": "0212","x":2315,"y":319,"w":406,"h":274,"rotated": false}},
{"SPRITE" : {"name": "0213","x":1263,"y":1396,"w":278,"h":261,"rotated": false}},
{"SPRITE" : {"name": "0214","x":1859,"y":319,"w":25,"h":7,"rotated": false}},
{"SPRITE" : {"name": "0215","x":1912,"y":0,"w":400,"h":330,"rotated": false}},
{"SPRITE" : {"name": "0216","x":2266,"y":572,"w":25,"h":7,"rotated": false}},
{"SPRITE" : {"name": "0217","x":2266,"y":582,"w":25,"h":7,"rotated": false}},
{"SPRITE" : {"name": "0218","x":1746,"y":592,"w":25,"h":7,"rotated": false}},
{"SPRITE" : {"name": "0219","x":1774,"y":592,"w":25,"h":7,"rotated": false}}
]},
"meta": {
"app": "Adobe Animate",
"version": "23.0.0.407",
"image": "spritemap1.png",
"format": "RGBA8888",
"size": {"w":4096,"h":2643},
"resolution": "1"
}
}
