<?xml version="1.0" encoding="UTF-8"?>
<!--
Created with Funkin Packer v0.1.3 https://neeeoo.github.io/funkin-packer/
-->
<TextureAtlas imagePath="default.png" width="2526" height="462" spritePadding="3" borderPadding="1">
	<SubTexture name="arrowDOWN0000" x="162" y="306" width="158" height="154" frameX="0" frameY="0" frameWidth="158" frameHeight="154"/>
	<SubTexture name="arrowLEFT0000" x="323" y="306" width="158" height="154" frameX="0" frameY="0" frameWidth="158" frameHeight="154"/>
	<SubTexture name="arrowRIGHT0000" x="484" y="306" width="158" height="154" frameX="0" frameY="0" frameWidth="158" frameHeight="154"/>
	<SubTexture name="arrowUP0000" x="645" y="306" width="158" height="154" frameX="0" frameY="0" frameWidth="158" frameHeight="154"/>
	<SubTexture name="blue0000" x="1954" y="306" width="136" height="115" frameX="-24" frameY="-1" frameWidth="160" frameHeight="120"/>
	<SubTexture name="blue hold end0000" x="2441" y="306" width="31" height="64" frameX="0" frameY="0" frameWidth="31" frameHeight="64"/>
	<SubTexture name="blue hold piece0000" x="2475" y="306" width="31" height="44" frameX="0" frameY="0" frameWidth="31" frameHeight="44"/>
	<SubTexture name="down confirm0000" x="313" y="1" width="292" height="302" frameX="-16" frameY="-9" frameWidth="328" frameHeight="324"/>
	<SubTexture name="down confirm0001" x="1493" y="1" width="286" height="293" frameX="-19" frameY="-14" frameWidth="328" frameHeight="324"/>
	<SubTexture name="down confirm0002" x="1" y="306" width="158" height="155" frameX="-83" frameY="-83" frameWidth="328" frameHeight="324"/>
	<SubTexture name="down confirm0003" x="1" y="306" width="158" height="155" frameX="-83" frameY="-83" frameWidth="328" frameHeight="324"/>
	<SubTexture name="down press0000" x="1680" y="306" width="134" height="132" frameX="-2" frameY="-2" frameWidth="138" frameHeight="136"/>
	<SubTexture name="down press0001" x="1680" y="306" width="134" height="132" frameX="-2" frameY="-2" frameWidth="138" frameHeight="136"/>
	<SubTexture name="down press0002" x="1261" y="306" width="138" height="134" frameX="0" frameY="-1" frameWidth="138" frameHeight="136"/>
	<SubTexture name="down press0003" x="1261" y="306" width="138" height="134" frameX="0" frameY="-1" frameWidth="138" frameHeight="136"/>
	<SubTexture name="down press0004" x="1261" y="306" width="138" height="134" frameX="0" frameY="-1" frameWidth="138" frameHeight="136"/>
	<SubTexture name="down press0005" x="1261" y="306" width="138" height="134" frameX="0" frameY="-1" frameWidth="138" frameHeight="136"/>
	<SubTexture name="down press0006" x="1261" y="306" width="138" height="134" frameX="0" frameY="-1" frameWidth="138" frameHeight="136"/>
	<SubTexture name="down press0007" x="1261" y="306" width="138" height="134" frameX="0" frameY="-1" frameWidth="138" frameHeight="136"/>
	<SubTexture name="down press0008" x="1261" y="306" width="138" height="134" frameX="0" frameY="-1" frameWidth="138" frameHeight="136"/>
	<SubTexture name="down press0009" x="1261" y="306" width="138" height="134" frameX="0" frameY="-1" frameWidth="138" frameHeight="136"/>
	<SubTexture name="down press0010" x="1261" y="306" width="138" height="134" frameX="0" frameY="-1" frameWidth="138" frameHeight="136"/>
	<SubTexture name="down press0011" x="1261" y="306" width="138" height="134" frameX="0" frameY="-1" frameWidth="138" frameHeight="136"/>
	<SubTexture name="down press0012" x="1261" y="306" width="138" height="134" frameX="0" frameY="-1" frameWidth="138" frameHeight="136"/>
	<SubTexture name="down press0013" x="1261" y="306" width="138" height="134" frameX="0" frameY="-1" frameWidth="138" frameHeight="136"/>
	<SubTexture name="down press0014" x="1261" y="306" width="138" height="134" frameX="0" frameY="-1" frameWidth="138" frameHeight="136"/>
	<SubTexture name="down press0015" x="1261" y="306" width="138" height="134" frameX="0" frameY="-1" frameWidth="138" frameHeight="136"/>
	<SubTexture name="down press0016" x="1261" y="306" width="138" height="134" frameX="0" frameY="-1" frameWidth="138" frameHeight="136"/>
	<SubTexture name="down press0017" x="1261" y="306" width="138" height="134" frameX="0" frameY="-1" frameWidth="138" frameHeight="136"/>
	<SubTexture name="down press0018" x="1261" y="306" width="138" height="134" frameX="0" frameY="-1" frameWidth="138" frameHeight="136"/>
	<SubTexture name="down press0019" x="1261" y="306" width="138" height="134" frameX="0" frameY="-1" frameWidth="138" frameHeight="136"/>
	<SubTexture name="green0000" x="2325" y="306" width="113" height="106" frameX="0" frameY="-1" frameWidth="113" frameHeight="107"/>
	<SubTexture name="green hold end0000" x="2441" y="306" width="31" height="64" frameX="0" frameY="0" frameWidth="31" frameHeight="64"/>
	<SubTexture name="green hold piece0000" x="2475" y="306" width="31" height="44" frameX="0" frameY="0" frameWidth="31" frameHeight="44"/>
	<SubTexture name="left confirm0000" x="608" y="1" width="292" height="302" frameX="-16" frameY="-9" frameWidth="328" frameHeight="324"/>
	<SubTexture name="left confirm0001" x="1" y="1" width="309" height="293" frameX="-19" frameY="-14" frameWidth="328" frameHeight="324"/>
	<SubTexture name="left confirm0002" x="2360" y="1" width="165" height="163" frameX="-80" frameY="-79" frameWidth="328" frameHeight="324"/>
	<SubTexture name="left confirm0003" x="2360" y="1" width="165" height="163" frameX="-80" frameY="-79" frameWidth="328" frameHeight="324"/>
	<SubTexture name="left press0000" x="1402" y="306" width="136" height="134" frameX="-2" frameY="-2" frameWidth="140" frameHeight="138"/>
	<SubTexture name="left press0001" x="1402" y="306" width="136" height="134" frameX="-2" frameY="-2" frameWidth="140" frameHeight="138"/>
	<SubTexture name="left press0002" x="1118" y="306" width="140" height="136" frameX="0" frameY="-1" frameWidth="140" frameHeight="138"/>
	<SubTexture name="left press0003" x="1118" y="306" width="140" height="136" frameX="0" frameY="-1" frameWidth="140" frameHeight="138"/>
	<SubTexture name="left press0004" x="1118" y="306" width="140" height="136" frameX="0" frameY="-1" frameWidth="140" frameHeight="138"/>
	<SubTexture name="left press0005" x="1118" y="306" width="140" height="136" frameX="0" frameY="-1" frameWidth="140" frameHeight="138"/>
	<SubTexture name="left press0006" x="1118" y="306" width="140" height="136" frameX="0" frameY="-1" frameWidth="140" frameHeight="138"/>
	<SubTexture name="left press0007" x="1118" y="306" width="140" height="136" frameX="0" frameY="-1" frameWidth="140" frameHeight="138"/>
	<SubTexture name="left press0008" x="1118" y="306" width="140" height="136" frameX="0" frameY="-1" frameWidth="140" frameHeight="138"/>
	<SubTexture name="left press0009" x="1118" y="306" width="140" height="136" frameX="0" frameY="-1" frameWidth="140" frameHeight="138"/>
	<SubTexture name="left press0010" x="1118" y="306" width="140" height="136" frameX="0" frameY="-1" frameWidth="140" frameHeight="138"/>
	<SubTexture name="left press0011" x="1118" y="306" width="140" height="136" frameX="0" frameY="-1" frameWidth="140" frameHeight="138"/>
	<SubTexture name="left press0012" x="1118" y="306" width="140" height="136" frameX="0" frameY="-1" frameWidth="140" frameHeight="138"/>
	<SubTexture name="left press0013" x="1118" y="306" width="140" height="136" frameX="0" frameY="-1" frameWidth="140" frameHeight="138"/>
	<SubTexture name="left press0014" x="1118" y="306" width="140" height="136" frameX="0" frameY="-1" frameWidth="140" frameHeight="138"/>
	<SubTexture name="left press0015" x="1118" y="306" width="140" height="136" frameX="0" frameY="-1" frameWidth="140" frameHeight="138"/>
	<SubTexture name="left press0016" x="1118" y="306" width="140" height="136" frameX="0" frameY="-1" frameWidth="140" frameHeight="138"/>
	<SubTexture name="left press0017" x="1118" y="306" width="140" height="136" frameX="0" frameY="-1" frameWidth="140" frameHeight="138"/>
	<SubTexture name="left press0018" x="1118" y="306" width="140" height="136" frameX="0" frameY="-1" frameWidth="140" frameHeight="138"/>
	<SubTexture name="left press0019" x="1118" y="306" width="140" height="136" frameX="0" frameY="-1" frameWidth="140" frameHeight="138"/>
	<SubTexture name="pruple end hold0000" x="2441" y="306" width="31" height="64" frameX="0" frameY="0" frameWidth="31" frameHeight="64"/>
	<SubTexture name="purple0000" x="2093" y="306" width="119" height="126" frameX="0" frameY="0" frameWidth="119" frameHeight="126"/>
	<SubTexture name="purple hold piece0000" x="2475" y="306" width="31" height="44" frameX="0" frameY="0" frameWidth="31" frameHeight="44"/>
	<SubTexture name="red0000" x="2215" y="306" width="107" height="113" frameX="0" frameY="0" frameWidth="107" frameHeight="113"/>
	<SubTexture name="red hold end0000" x="2441" y="306" width="31" height="64" frameX="0" frameY="0" frameWidth="31" frameHeight="64"/>
	<SubTexture name="red hold piece0000" x="2475" y="306" width="31" height="44" frameX="0" frameY="0" frameWidth="31" frameHeight="44"/>
	<SubTexture name="right confirm0000" x="903" y="1" width="292" height="302" frameX="-16" frameY="-9" frameWidth="328" frameHeight="324"/>
	<SubTexture name="right confirm0001" x="1782" y="1" width="286" height="293" frameX="-19" frameY="-14" frameWidth="328" frameHeight="324"/>
	<SubTexture name="right confirm0002" x="806" y="306" width="154" height="152" frameX="-85" frameY="-84" frameWidth="328" frameHeight="324"/>
	<SubTexture name="right confirm0003" x="806" y="306" width="154" height="152" frameX="-85" frameY="-84" frameWidth="328" frameHeight="324"/>
	<SubTexture name="right press0000" x="1541" y="306" width="136" height="133" frameX="0" frameY="0" frameWidth="136" frameHeight="134"/>
	<SubTexture name="up confirm0000" x="1198" y="1" width="292" height="302" frameX="-16" frameY="-9" frameWidth="328" frameHeight="324"/>
	<SubTexture name="up confirm0001" x="2071" y="1" width="286" height="293" frameX="-19" frameY="-14" frameWidth="328" frameHeight="324"/>
	<SubTexture name="up confirm0002" x="963" y="306" width="152" height="150" frameX="-86" frameY="-85" frameWidth="328" frameHeight="324"/>
	<SubTexture name="up confirm0003" x="963" y="306" width="152" height="150" frameX="-86" frameY="-85" frameWidth="328" frameHeight="324"/>
	<SubTexture name="up press0000" x="1817" y="306" width="134" height="132" frameX="0" frameY="0" frameWidth="134" frameHeight="132"/>
</TextureAtlas>