<?xml version="1.0" encoding="UTF-8"?>
<!--
Created with Funkin Packer v0.1.3 https://neeeoo.github.io/funkin-packer/
-->
<TextureAtlas imagePath="bg_chars_left.png" width="4298" height="2809" spritePadding="3" borderPadding="1">
	<SubTexture name="idle0000" x="2731" y="2140" width="1362" height="662" frameX="-4" frameY="-10" frameWidth="1363" frameHeight="672"/>
	<SubTexture name="idle0001" x="2731" y="2140" width="1362" height="662" frameX="-4" frameY="-10" frameWidth="1363" frameHeight="672"/>
	<SubTexture name="idle0002" x="1365" y="2140" width="1363" height="663" frameX="-1" frameY="-9" frameWidth="1363" frameHeight="672"/>
	<SubTexture name="idle0003" x="1365" y="2140" width="1363" height="663" frameX="-1" frameY="-9" frameWidth="1363" frameHeight="672"/>
	<SubTexture name="idle0004" x="1" y="2140" width="1361" height="668" frameX="0" frameY="-4" frameWidth="1363" frameHeight="672"/>
	<SubTexture name="idle0005" x="1" y="2140" width="1361" height="668" frameX="0" frameY="-4" frameWidth="1363" frameHeight="672"/>
	<SubTexture name="idle0006" x="1" y="1465" width="1358" height="672" frameX="-1" frameY="0" frameWidth="1363" frameHeight="672"/>
	<SubTexture name="idle0007" x="1" y="1465" width="1358" height="672" frameX="-1" frameY="0" frameWidth="1363" frameHeight="672"/>
	<SubTexture name="idle0008" x="1362" y="1465" width="1358" height="672" frameX="-1" frameY="0" frameWidth="1363" frameHeight="672"/>
	<SubTexture name="idle0009" x="1362" y="1465" width="1358" height="672" frameX="-1" frameY="0" frameWidth="1363" frameHeight="672"/>
	<SubTexture name="idle0010" x="2723" y="1465" width="1358" height="672" frameX="-1" frameY="0" frameWidth="1363" frameHeight="672"/>
	<SubTexture name="idle0011" x="2723" y="1465" width="1358" height="672" frameX="-1" frameY="0" frameWidth="1363" frameHeight="672"/>
	<SubTexture name="idle0012" x="2723" y="1465" width="1358" height="672" frameX="-1" frameY="0" frameWidth="1363" frameHeight="672"/>
	<SubTexture name="idle0013" x="2723" y="1465" width="1358" height="672" frameX="-1" frameY="0" frameWidth="1363" frameHeight="672"/>
	<SubTexture name="cheer0000" x="1" y="1" width="1422" height="741" frameX="0" frameY="0" frameWidth="1430" frameHeight="741"/>
	<SubTexture name="cheer0001" x="1" y="1" width="1422" height="741" frameX="0" frameY="0" frameWidth="1430" frameHeight="741"/>
	<SubTexture name="cheer0002" x="2851" y="1" width="1421" height="741" frameX="0" frameY="0" frameWidth="1430" frameHeight="741"/>
	<SubTexture name="cheer0003" x="1426" y="1" width="1422" height="741" frameX="0" frameY="0" frameWidth="1430" frameHeight="741"/>
	<SubTexture name="cheer0004" x="1" y="745" width="1430" height="717" frameX="0" frameY="-24" frameWidth="1430" frameHeight="741"/>
	<SubTexture name="cheer0005" x="1" y="745" width="1430" height="717" frameX="0" frameY="-24" frameWidth="1430" frameHeight="741"/>
	<SubTexture name="cheer0006" x="1434" y="745" width="1430" height="717" frameX="0" frameY="-24" frameWidth="1430" frameHeight="741"/>
	<SubTexture name="cheer0007" x="2867" y="745" width="1430" height="717" frameX="0" frameY="-24" frameWidth="1430" frameHeight="741"/>
</TextureAtlas>