{"events":[{"params":[1],"name":"Camera Movement","time":4897.95918367347},{"params":[0],"name":"Camera Movement","time":9795.91836734694},{"params":[0,"hey",true],"name":"Play Animation","time":9795.91836734694},{"params":[1],"name":"Camera Movement","time":14693.8775510204},{"params":[0],"name":"Camera Movement","time":19591.8367346939},{"params":[1],"name":"Camera Movement","time":24489.7959183674},{"params":[0],"name":"Camera Movement","time":29387.7551020408},{"params":[1],"name":"Camera Movement","time":39183.6734693878},{"params":[0],"name":"Camera Movement","time":48979.5918367347},{"params":[1],"name":"Camera Movement","time":53877.5510204082},{"params":[0],"name":"Camera Movement","time":58775.5102040816},{"params":[1],"name":"Camera Movement","time":63673.4693877551},{"params":[0],"name":"Camera Movement","time":68571.4285714286},{"params":[1],"name":"Camera Movement","time":73469.387755102},{"params":[0],"name":"Camera Movement","time":78367.3469387755},{"params":[1],"name":"Camera Movement","time":79591.8367346939},{"params":[0],"name":"Camera Movement","time":80816.3265306123},{"params":[1],"name":"Camera Movement","time":83265.306122449},{"params":[0],"name":"Camera Movement","time":89387.7551020409},{"params":[1,"anim",true],"name":"Play Animation","time":91071.4285714286},{"params":[1],"name":"Camera Movement","time":97959.1836734695},{"params":[0],"name":"Camera Movement","time":102857.142857143},{"params":[1],"name":"Camera Movement","time":107755.102040816},{"params":[0],"name":"Camera Movement","time":112653.06122449},{"params":[1,"hey",true],"name":"Play Animation","time":112653.06122449},{"params":[1],"name":"Camera Movement","time":116326.530612245},{"params":[0],"name":"Camera Movement","time":122448.979591837},{"params":[1],"name":"Camera Movement","time":127346.93877551},{"params":[0],"name":"Camera Movement","time":128571.428571429},{"params":[1],"name":"Camera Movement","time":129795.918367347},{"params":[0],"name":"Camera Movement","time":132244.897959184},{"params":[1],"name":"Camera Movement","time":137142.857142857},{"params":[0],"name":"Camera Movement","time":142040.816326531},{"params":[1],"name":"Camera Movement","time":146938.775510204},{"params":[0],"name":"Camera Movement","time":148163.265306123},{"params":[1],"name":"Camera Movement","time":149387.755102041},{"params":[0],"name":"Camera Movement","time":151836.734693878},{"params":[0,"end",true],"name":"Play Animation","time":152793.367346939},{"params":[1],"name":"Camera Movement","time":160408.163265306}],"scrollSpeed":3,"strumLines":[{"notes":[{"id":2,"sLen":154,"time":0,"type":0},{"id":3,"sLen":0,"time":306.122448979592,"type":0},{"id":1,"sLen":154,"time":459.183673469388,"type":0},{"id":0,"sLen":0,"time":765.30612244898,"type":0},{"id":1,"sLen":0,"time":918.367346938776,"type":0},{"id":3,"sLen":0,"time":1071.42857142857,"type":0},{"id":1,"sLen":0,"time":1377.55102040816,"type":0},{"id":2,"sLen":0,"time":1607.14285714286,"type":0},{"id":0,"sLen":0,"time":1683.67346938776,"type":0},{"id":2,"sLen":0,"time":1836.73469387755,"type":0},{"id":1,"sLen":0,"time":1989.79591836735,"type":0},{"id":3,"sLen":0,"time":2066.32653061224,"type":0},{"id":2,"sLen":0,"time":2142.85714285714,"type":0},{"id":0,"sLen":0,"time":2295.91836734694,"type":0},{"id":2,"sLen":154,"time":2448.97959183673,"type":0},{"id":0,"sLen":0,"time":2755.10204081633,"type":0},{"id":3,"sLen":154,"time":2908.16326530612,"type":0},{"id":2,"sLen":0,"time":3214.28571428571,"type":0},{"id":1,"sLen":0,"time":3367.34693877551,"type":0},{"id":3,"sLen":0,"time":3520.40816326531,"type":0},{"id":1,"sLen":0,"time":3826.5306122449,"type":0},{"id":2,"sLen":0,"time":4056.12244897959,"type":0},{"id":0,"sLen":0,"time":4132.65306122449,"type":0},{"id":2,"sLen":0,"time":4285.71428571429,"type":0},{"id":1,"sLen":0,"time":4438.77551020408,"type":0},{"id":3,"sLen":0,"time":4515.30612244898,"type":0},{"id":2,"sLen":0,"time":4591.83673469388,"type":0},{"id":0,"sLen":0,"time":4744.89795918367,"type":0},{"id":0,"sLen":0,"time":9795.91836734694,"type":1},{"id":2,"sLen":229.591836734693,"time":9795.91836734694,"type":1},{"id":0,"sLen":0,"time":10102.0408163265,"type":0},{"id":3,"sLen":230.999999999995,"time":10102.0408163265,"type":0},{"id":2,"sLen":0,"time":10408.1632653061,"type":0},{"id":3,"sLen":0,"time":10561.2244897959,"type":0},{"id":1,"sLen":0,"time":10637.7551020408,"type":0},{"id":0,"sLen":0,"time":10714.2857142857,"type":0},{"id":2,"sLen":0,"time":10867.3469387755,"type":0},{"id":1,"sLen":0,"time":11173.4693877551,"type":0},{"id":3,"sLen":231.000000000011,"time":11326.5306122449,"type":0},{"id":2,"sLen":231.000000000005,"time":11632.6530612245,"type":0},{"id":0,"sLen":230.999999999995,"time":11938.7755102041,"type":0},{"id":1,"sLen":231.000000000011,"time":12244.8979591837,"type":0},{"id":2,"sLen":0,"time":12244.8979591837,"type":0},{"id":0,"sLen":0,"time":12551.0204081633,"type":0},{"id":3,"sLen":231.000000000005,"time":12551.0204081633,"type":0},{"id":1,"sLen":0,"time":12857.1428571429,"type":0},{"id":2,"sLen":0,"time":13010.2040816327,"type":0},{"id":0,"sLen":0,"time":13086.7346938775,"type":0},{"id":2,"sLen":0,"time":13163.2653061224,"type":0},{"id":3,"sLen":0,"time":13316.3265306122,"type":0},{"id":1,"sLen":0,"time":13622.4489795918,"type":0},{"id":3,"sLen":231,"time":13775.5102040816,"type":0},{"id":0,"sLen":231,"time":14081.6326530612,"type":0},{"id":2,"sLen":231.000000000005,"time":14387.7551020408,"type":0},{"id":3,"sLen":0,"time":19591.8367346939,"type":0},{"id":1,"sLen":0,"time":19744.8979591837,"type":0},{"id":0,"sLen":0,"time":19897.9591836735,"type":0},{"id":2,"sLen":0,"time":20051.0204081633,"type":0},{"id":1,"sLen":0,"time":20204.0816326531,"type":0},{"id":3,"sLen":0,"time":20357.1428571429,"type":0},{"id":2,"sLen":0,"time":20510.2040816327,"type":0},{"id":1,"sLen":0,"time":20663.2653061224,"type":0},{"id":0,"sLen":0,"time":20969.387755102,"type":0},{"id":2,"sLen":0,"time":21122.4489795918,"type":0},{"id":1,"sLen":0,"time":21275.5102040816,"type":0},{"id":3,"sLen":0,"time":21428.5714285714,"type":0},{"id":2,"sLen":0,"time":21581.6326530612,"type":0},{"id":0,"sLen":230.999999999978,"time":21734.693877551,"type":0},{"id":1,"sLen":154,"time":21811.2244897959,"type":0},{"id":3,"sLen":230.999999999978,"time":22040.8163265306,"type":0},{"id":2,"sLen":230.999999999978,"time":22346.9387755102,"type":0},{"id":0,"sLen":231.000000000007,"time":22653.0612244898,"type":0},{"id":2,"sLen":231.000000000022,"time":22959.1836734694,"type":0},{"id":3,"sLen":0,"time":23418.3673469388,"type":0},{"id":1,"sLen":0,"time":23571.4285714286,"type":0},{"id":2,"sLen":0,"time":23724.4897959184,"type":0},{"id":0,"sLen":230.999999999978,"time":23877.5510204082,"type":0},{"id":2,"sLen":231,"time":24183.6734693877,"type":0},{"id":0,"sLen":0,"time":29387.7551020408,"type":0},{"id":2,"sLen":0,"time":29464.2857142857,"type":0},{"id":3,"sLen":0,"time":29540.8163265306,"type":0},{"id":1,"sLen":0,"time":29617.3469387755,"type":0},{"id":3,"sLen":0,"time":29693.8775510204,"type":0},{"id":1,"sLen":0,"time":29770.4081632653,"type":0},{"id":3,"sLen":0,"time":29846.9387755102,"type":0},{"id":2,"sLen":232,"time":30000,"type":0},{"id":0,"sLen":231.000000000004,"time":30306.1224489796,"type":0},{"id":2,"sLen":232,"time":30612.2448979592,"type":0},{"id":1,"sLen":0,"time":30918.3673469388,"type":0},{"id":3,"sLen":232,"time":31071.4285714286,"type":0},{"id":2,"sLen":0,"time":31377.5510204081,"type":0},{"id":0,"sLen":0,"time":31454.081632653,"type":0},{"id":1,"sLen":231,"time":31530.6122448979,"type":0},{"id":1,"sLen":0,"time":31836.7346938775,"type":0},{"id":0,"sLen":0,"time":31913.2653061224,"type":0},{"id":1,"sLen":0,"time":31989.7959183673,"type":0},{"id":2,"sLen":0,"time":32066.3265306122,"type":0},{"id":3,"sLen":0,"time":32142.8571428571,"type":0},{"id":1,"sLen":0,"time":32219.387755102,"type":0},{"id":3,"sLen":0,"time":32295.9183673469,"type":0},{"id":2,"sLen":231,"time":32448.9795918367,"type":0},{"id":0,"sLen":231.000000000004,"time":32755.1020408163,"type":0},{"id":2,"sLen":231,"time":33061.2244897959,"type":0},{"id":1,"sLen":0,"time":33367.3469387755,"type":0},{"id":0,"sLen":231,"time":33520.4081632653,"type":0},{"id":1,"sLen":0,"time":33826.5306122449,"type":0},{"id":3,"sLen":0,"time":33903.0612244898,"type":0},{"id":2,"sLen":231,"time":33979.5918367347,"type":0},{"id":0,"sLen":0,"time":34285.7142857143,"type":0},{"id":1,"sLen":0,"time":34362.2448979592,"type":0},{"id":3,"sLen":0,"time":34438.7755102041,"type":0},{"id":2,"sLen":0,"time":34515.306122449,"type":0},{"id":0,"sLen":0,"time":34591.8367346939,"type":0},{"id":3,"sLen":0,"time":34591.8367346939,"type":0},{"id":1,"sLen":0,"time":34668.3673469388,"type":0},{"id":3,"sLen":0,"time":34744.8979591836,"type":0},{"id":2,"sLen":231,"time":34897.9591836734,"type":0},{"id":0,"sLen":231,"time":35204.081632653,"type":0},{"id":2,"sLen":231,"time":35510.2040816326,"type":0},{"id":1,"sLen":0,"time":35816.3265306122,"type":0},{"id":3,"sLen":231,"time":35969.387755102,"type":0},{"id":2,"sLen":0,"time":36275.5102040816,"type":0},{"id":0,"sLen":0,"time":36352.0408163265,"type":0},{"id":1,"sLen":231,"time":36428.5714285714,"type":0},{"id":2,"sLen":0,"time":36734.693877551,"type":0},{"id":3,"sLen":0,"time":36811.2244897959,"type":0},{"id":1,"sLen":0,"time":36887.7551020408,"type":0},{"id":0,"sLen":0,"time":36964.2857142857,"type":0},{"id":1,"sLen":0,"time":37040.8163265306,"type":0},{"id":3,"sLen":0,"time":37117.3469387755,"type":0},{"id":1,"sLen":77,"time":37193.8775510204,"type":0},{"id":2,"sLen":231,"time":37346.9387755102,"type":0},{"id":0,"sLen":231,"time":37653.0612244898,"type":0},{"id":2,"sLen":231,"time":37959.1836734694,"type":0},{"id":3,"sLen":0,"time":38265.306122449,"type":0},{"id":1,"sLen":232,"time":38418.3673469387,"type":0},{"id":2,"sLen":0,"time":38724.4897959183,"type":0},{"id":0,"sLen":0,"time":38801.0204081632,"type":0},{"id":3,"sLen":231,"time":38877.5510204081,"type":0},{"id":0,"sLen":462.000000000007,"time":39183.6734693877,"type":0},{"id":2,"sLen":462.000000000007,"time":39183.6734693877,"type":0},{"id":3,"sLen":0,"time":48979.5918367346,"type":0},{"id":1,"sLen":0,"time":49132.6530612244,"type":0},{"id":0,"sLen":0,"time":49209.1836734693,"type":0},{"id":2,"sLen":0,"time":49285.7142857142,"type":0},{"id":2,"sLen":0,"time":49438.775510204,"type":0},{"id":1,"sLen":0,"time":49591.8367346938,"type":0},{"id":3,"sLen":154,"time":49591.8367346938,"type":0},{"id":2,"sLen":0,"time":49897.9591836734,"type":0},{"id":0,"sLen":0,"time":50051.0204081632,"type":0},{"id":1,"sLen":0,"time":50204.081632653,"type":0},{"id":3,"sLen":0,"time":50357.1428571428,"type":0},{"id":1,"sLen":0,"time":50510.2040816326,"type":0},{"id":0,"sLen":0,"time":50663.2653061224,"type":0},{"id":2,"sLen":0,"time":50739.7959183673,"type":0},{"id":1,"sLen":0,"time":50816.3265306122,"type":0},{"id":3,"sLen":0,"time":50969.387755102,"type":0},{"id":2,"sLen":0,"time":51122.4489795918,"type":0},{"id":0,"sLen":0,"time":51275.5102040816,"type":0},{"id":3,"sLen":0,"time":51352.0408163265,"type":0},{"id":1,"sLen":155.000000000007,"time":51428.5714285714,"type":0},{"id":2,"sLen":0,"time":51734.693877551,"type":0},{"id":3,"sLen":0,"time":51887.7551020408,"type":0},{"id":1,"sLen":154,"time":52040.8163265306,"type":0},{"id":2,"sLen":0,"time":52346.9387755101,"type":0},{"id":0,"sLen":0,"time":52499.9999999999,"type":0},{"id":2,"sLen":76.9999999999927,"time":52653.0612244897,"type":0},{"id":1,"sLen":0,"time":52806.1224489795,"type":0},{"id":3,"sLen":0,"time":52882.6530612244,"type":0},{"id":0,"sLen":77,"time":52959.1836734693,"type":0},{"id":1,"sLen":308.000000000007,"time":53112.2448979591,"type":0},{"id":2,"sLen":385,"time":53112.2448979591,"type":0},{"id":3,"sLen":0,"time":53571.4285714285,"type":0},{"id":2,"sLen":0,"time":53724.4897959183,"type":0},{"id":0,"sLen":231,"time":58775.5102040816,"type":0},{"id":2,"sLen":0,"time":59081.6326530612,"type":0},{"id":2,"sLen":0,"time":59234.693877551,"type":0},{"id":1,"sLen":231,"time":59387.7551020408,"type":0},{"id":3,"sLen":0,"time":59693.8775510203,"type":0},{"id":2,"sLen":0,"time":59846.9387755101,"type":0},{"id":0,"sLen":231,"time":59999.9999999999,"type":0},{"id":1,"sLen":0,"time":59999.9999999999,"type":0},{"id":2,"sLen":0,"time":60459.1836734693,"type":0},{"id":3,"sLen":231,"time":60459.1836734693,"type":0},{"id":1,"sLen":0,"time":60918.3673469387,"type":0},{"id":0,"sLen":0,"time":61071.4285714285,"type":0},{"id":2,"sLen":231,"time":61224.4897959183,"type":0},{"id":3,"sLen":0,"time":61530.6122448979,"type":0},{"id":1,"sLen":0,"time":61683.6734693877,"type":0},{"id":0,"sLen":153.999999999956,"time":61836.7346938775,"type":0},{"id":1,"sLen":0,"time":62142.8571428571,"type":0},{"id":2,"sLen":0,"time":62295.9183673469,"type":0},{"id":3,"sLen":0,"time":62448.9795918367,"type":0},{"id":2,"sLen":0,"time":62602.0408163265,"type":0},{"id":0,"sLen":0,"time":62678.5714285714,"type":0},{"id":1,"sLen":0,"time":62755.1020408163,"type":0},{"id":1,"sLen":385,"time":62908.1632653061,"type":0},{"id":3,"sLen":231,"time":63367.3469387754,"type":0},{"id":2,"sLen":848.999999999993,"time":63673.469387755,"type":0},{"id":1,"sLen":0,"time":68571.4285714285,"type":0},{"id":1,"sLen":0,"time":68724.4897959183,"type":0},{"id":0,"sLen":0,"time":68877.5510204081,"type":0},{"id":2,"sLen":0,"time":69030.6122448979,"type":0},{"id":0,"sLen":231,"time":69183.6734693877,"type":0},{"id":3,"sLen":231,"time":69489.7959183673,"type":0},{"id":2,"sLen":0,"time":69795.9183673469,"type":0},{"id":2,"sLen":0,"time":69948.9795918367,"type":0},{"id":3,"sLen":0,"time":70102.0408163265,"type":0},{"id":1,"sLen":231,"time":70255.1020408163,"type":0},{"id":0,"sLen":0,"time":70561.2244897959,"type":0},{"id":2,"sLen":0,"time":70714.2857142857,"type":0},{"id":3,"sLen":231,"time":70714.2857142857,"type":0},{"id":1,"sLen":0,"time":71020.4081632653,"type":0},{"id":0,"sLen":0,"time":71173.469387755,"type":0},{"id":2,"sLen":0,"time":71326.5306122448,"type":0},{"id":3,"sLen":0,"time":71479.5918367346,"type":0},{"id":0,"sLen":231,"time":71632.6530612244,"type":0},{"id":1,"sLen":0,"time":71938.775510204,"type":0},{"id":3,"sLen":0,"time":72091.8367346938,"type":0},{"id":2,"sLen":0,"time":72244.8979591836,"type":0},{"id":2,"sLen":0,"time":72397.9591836734,"type":0},{"id":1,"sLen":0,"time":72551.0204081632,"type":0},{"id":3,"sLen":232,"time":72704.081632653,"type":0},{"id":2,"sLen":0,"time":73010.2040816326,"type":0},{"id":0,"sLen":0,"time":73163.2653061224,"type":0},{"id":1,"sLen":0,"time":73316.3265306122,"type":0},{"id":2,"sLen":0,"time":73469.387755102,"type":0},{"id":3,"sLen":0,"time":73622.4489795918,"type":0},{"id":2,"sLen":848,"time":73775.5102040816,"type":0},{"id":0,"sLen":850,"time":75918.3673469387,"type":0},{"id":2,"sLen":77,"time":76836.7346938775,"type":0},{"id":3,"sLen":77,"time":76989.7959183673,"type":0},{"id":1,"sLen":77,"time":77142.8571428571,"type":0},{"id":2,"sLen":77,"time":77295.9183673469,"type":0},{"id":3,"sLen":231,"time":77448.9795918367,"type":0},{"id":0,"sLen":231,"time":77755.1020408163,"type":0},{"id":2,"sLen":231,"time":78061.2244897959,"type":0},{"id":0,"sLen":1155,"time":78367.3469387755,"type":0},{"id":2,"sLen":1155,"time":79591.8367346939,"type":0},{"id":1,"sLen":0,"time":80816.3265306122,"type":0},{"id":0,"sLen":0,"time":80969.387755102,"type":0},{"id":2,"sLen":0,"time":81122.4489795918,"type":0},{"id":3,"sLen":0,"time":81198.9795918367,"type":0},{"id":1,"sLen":0,"time":81275.5102040816,"type":0},{"id":2,"sLen":0,"time":81581.6326530612,"type":0},{"id":0,"sLen":0,"time":81658.1632653061,"type":0},{"id":1,"sLen":0,"time":81734.693877551,"type":0},{"id":3,"sLen":0,"time":81887.7551020408,"type":0},{"id":2,"sLen":0,"time":82040.8163265306,"type":0},{"id":0,"sLen":0,"time":82193.8775510204,"type":0},{"id":1,"sLen":154,"time":82346.9387755102,"type":0},{"id":3,"sLen":0,"time":82653.0612244898,"type":0},{"id":2,"sLen":0,"time":82806.1224489796,"type":0},{"id":0,"sLen":0,"time":82959.1836734694,"type":0},{"id":2,"sLen":0,"time":83112.2448979592,"type":0},{"id":1,"sLen":0,"time":83265.306122449,"type":0},{"id":1,"sLen":0,"time":83418.3673469388,"type":0},{"id":3,"sLen":0,"time":83571.4285714286,"type":0},{"id":2,"sLen":0,"time":83724.4897959184,"type":0},{"id":0,"sLen":0,"time":83801.0204081633,"type":0},{"id":1,"sLen":0,"time":83877.5510204082,"type":0},{"id":3,"sLen":0,"time":84030.612244898,"type":0},{"id":1,"sLen":0,"time":84183.6734693878,"type":0},{"id":0,"sLen":0,"time":84260.2040816326,"type":0},{"id":2,"sLen":0,"time":84336.7346938775,"type":0},{"id":3,"sLen":0,"time":84489.7959183674,"type":0},{"id":3,"sLen":0,"time":84642.8571428571,"type":0},{"id":1,"sLen":0,"time":84795.9183673469,"type":0},{"id":0,"sLen":0,"time":84948.9795918367,"type":0},{"id":2,"sLen":0,"time":85025.5102040816,"type":0},{"id":1,"sLen":0,"time":85102.0408163265,"type":0},{"id":2,"sLen":0,"time":85255.1020408163,"type":0},{"id":3,"sLen":0,"time":85408.1632653061,"type":0},{"id":1,"sLen":0,"time":85484.693877551,"type":0},{"id":0,"sLen":0,"time":85561.2244897959,"type":0},{"id":3,"sLen":0,"time":93061.224489796,"type":0},{"id":3,"sLen":0,"time":93214.2857142858,"type":0},{"id":2,"sLen":0,"time":93367.3469387755,"type":0},{"id":0,"sLen":385,"time":93520.4081632654,"type":0},{"id":1,"sLen":308,"time":93596.9387755103,"type":0},{"id":2,"sLen":0,"time":93979.5918367347,"type":0},{"id":2,"sLen":0,"time":94132.6530612245,"type":0},{"id":3,"sLen":0,"time":94285.7142857143,"type":0},{"id":3,"sLen":0,"time":94438.7755102041,"type":0},{"id":1,"sLen":0,"time":94591.8367346939,"type":0},{"id":0,"sLen":154,"time":94744.8979591837,"type":0},{"id":3,"sLen":0,"time":95051.0204081633,"type":0},{"id":2,"sLen":0,"time":95204.0816326531,"type":0},{"id":0,"sLen":0,"time":95357.1428571429,"type":0},{"id":1,"sLen":0,"time":95510.2040816327,"type":0},{"id":1,"sLen":0,"time":95663.2653061225,"type":0},{"id":3,"sLen":0,"time":95816.3265306123,"type":0},{"id":2,"sLen":231,"time":95969.3877551021,"type":0},{"id":1,"sLen":0,"time":96275.5102040817,"type":0},{"id":3,"sLen":0,"time":96428.5714285715,"type":0},{"id":2,"sLen":0,"time":96581.6326530613,"type":0},{"id":1,"sLen":231,"time":96734.6938775511,"type":0},{"id":0,"sLen":0,"time":97040.8163265307,"type":0},{"id":2,"sLen":308,"time":97193.8775510205,"type":0},{"id":3,"sLen":385,"time":97193.8775510205,"type":0},{"id":1,"sLen":230.999999999985,"time":97653.0612244899,"type":0},{"id":0,"sLen":231,"time":97959.1836734695,"type":0},{"id":2,"sLen":539,"time":98265.306122449,"type":0},{"id":2,"sLen":0,"time":102857.142857143,"type":0},{"id":0,"sLen":0,"time":103086.734693878,"type":0},{"id":2,"sLen":0,"time":103316.326530612,"type":0},{"id":1,"sLen":0,"time":103545.918367347,"type":0},{"id":3,"sLen":0,"time":103775.510204082,"type":0},{"id":1,"sLen":0,"time":103928.571428572,"type":0},{"id":0,"sLen":0,"time":104081.632653061,"type":0},{"id":2,"sLen":0,"time":104311.224489796,"type":0},{"id":3,"sLen":0,"time":104540.816326531,"type":0},{"id":2,"sLen":0,"time":104770.408163265,"type":0},{"id":1,"sLen":0,"time":105000,"type":0},{"id":2,"sLen":0,"time":105153.06122449,"type":0},{"id":3,"sLen":0,"time":105229.591836735,"type":0},{"id":1,"sLen":0,"time":105306.12244898,"type":0},{"id":0,"sLen":0,"time":105459.183673469,"type":0},{"id":3,"sLen":0,"time":105535.714285714,"type":0},{"id":2,"sLen":0,"time":105765.306122449,"type":0},{"id":1,"sLen":0,"time":105994.897959184,"type":0},{"id":2,"sLen":0,"time":106224.489795918,"type":0},{"id":0,"sLen":0,"time":106377.551020408,"type":0},{"id":2,"sLen":0,"time":106454.081632653,"type":0},{"id":1,"sLen":0,"time":106530.612244898,"type":0},{"id":3,"sLen":0,"time":106626.275510204,"type":0},{"id":1,"sLen":0,"time":106721.93877551,"type":0},{"id":1,"sLen":78,"time":106836.734693878,"type":0},{"id":3,"sLen":0,"time":106989.795918367,"type":0},{"id":2,"sLen":0,"time":107142.857142857,"type":0},{"id":3,"sLen":0,"time":107276.785714286,"type":0},{"id":2,"sLen":0,"time":107334.183673469,"type":0},{"id":1,"sLen":77,"time":107448.979591837,"type":0},{"id":2,"sLen":77,"time":107602.040816327,"type":0},{"id":0,"sLen":539.000000000087,"time":107755.102040816,"type":0},{"id":3,"sLen":231.000000000029,"time":112806.12244898,"type":0},{"id":2,"sLen":0,"time":113112.244897959,"type":0},{"id":0,"sLen":0,"time":113265.306122449,"type":0},{"id":2,"sLen":0,"time":113418.367346939,"type":0},{"id":1,"sLen":0,"time":113571.428571429,"type":0},{"id":3,"sLen":0,"time":113724.489795918,"type":0},{"id":2,"sLen":385,"time":113877.551020408,"type":0},{"id":3,"sLen":384.999999999985,"time":114336.734693878,"type":0},{"id":1,"sLen":0,"time":114795.918367347,"type":0},{"id":0,"sLen":154,"time":114948.979591837,"type":0},{"id":2,"sLen":231,"time":115255.102040816,"type":0},{"id":0,"sLen":0,"time":115561.224489796,"type":0},{"id":3,"sLen":0,"time":115714.285714286,"type":0},{"id":1,"sLen":0,"time":115867.346938776,"type":0},{"id":2,"sLen":0,"time":116020.408163265,"type":0},{"id":0,"sLen":0,"time":116173.469387755,"type":0},{"id":2,"sLen":386,"time":116326.530612245,"type":0},{"id":3,"sLen":385,"time":116785.714285714,"type":0},{"id":0,"sLen":231,"time":117244.897959184,"type":0},{"id":2,"sLen":538.999999999913,"time":117551.020408163,"type":0},{"id":2,"sLen":231,"time":118316.326530612,"type":0},{"id":3,"sLen":0,"time":118622.448979592,"type":0},{"id":1,"sLen":539.000000000015,"time":118775.510204082,"type":0},{"id":0,"sLen":231,"time":119540.816326531,"type":0},{"id":2,"sLen":0,"time":119846.93877551,"type":0},{"id":3,"sLen":539,"time":120000,"type":0},{"id":1,"sLen":230.999999999985,"time":120765.306122449,"type":0},{"id":2,"sLen":0,"time":121071.428571429,"type":0},{"id":3,"sLen":385,"time":121224.489795919,"type":0},{"id":2,"sLen":385,"time":121683.673469388,"type":0},{"id":1,"sLen":231,"time":122142.857142857,"type":0},{"id":1,"sLen":154.000000000015,"time":122678.571428572,"type":0},{"id":2,"sLen":0,"time":122908.163265306,"type":0},{"id":3,"sLen":0,"time":123061.224489796,"type":0},{"id":1,"sLen":0,"time":123367.346938776,"type":0},{"id":2,"sLen":0,"time":123520.408163265,"type":0},{"id":0,"sLen":0,"time":123673.469387755,"type":0},{"id":1,"sLen":0,"time":123903.06122449,"type":0},{"id":2,"sLen":0,"time":124132.653061225,"type":0},{"id":3,"sLen":0,"time":124285.714285714,"type":0},{"id":1,"sLen":0,"time":124591.836734694,"type":0},{"id":2,"sLen":0,"time":124744.897959184,"type":0},{"id":1,"sLen":0,"time":124897.959183674,"type":0},{"id":0,"sLen":231.000000000029,"time":125051.020408163,"type":0},{"id":2,"sLen":0,"time":125357.142857143,"type":0},{"id":1,"sLen":0,"time":125510.204081633,"type":0},{"id":3,"sLen":0,"time":125663.265306123,"type":0},{"id":2,"sLen":232,"time":125816.326530612,"type":0},{"id":3,"sLen":0,"time":126275.510204082,"type":0},{"id":3,"sLen":0,"time":126428.571428572,"type":0},{"id":2,"sLen":385,"time":126581.632653061,"type":0},{"id":1,"sLen":230.999999999942,"time":127040.816326531,"type":0},{"id":2,"sLen":0,"time":127346.93877551,"type":0},{"id":0,"sLen":461.999999999913,"time":127423.469387755,"type":0},{"id":3,"sLen":0,"time":128112.244897959,"type":0},{"id":2,"sLen":0,"time":128418.367346939,"type":0},{"id":1,"sLen":539,"time":128571.428571429,"type":0},{"id":3,"sLen":232,"time":129336.734693878,"type":0},{"id":2,"sLen":0,"time":129642.857142857,"type":0},{"id":0,"sLen":539,"time":129795.918367347,"type":0},{"id":1,"sLen":231.000000000015,"time":130561.224489796,"type":0},{"id":3,"sLen":0,"time":130867.346938776,"type":0},{"id":0,"sLen":385,"time":131020.408163266,"type":0},{"id":2,"sLen":385,"time":131479.591836735,"type":0},{"id":2,"sLen":231,"time":132397.959183674,"type":0},{"id":1,"sLen":0,"time":132704.081632653,"type":0},{"id":3,"sLen":0,"time":132857.142857143,"type":0},{"id":2,"sLen":0,"time":133010.204081633,"type":0},{"id":0,"sLen":0,"time":133163.265306123,"type":0},{"id":1,"sLen":0,"time":133316.326530612,"type":0},{"id":2,"sLen":462,"time":133469.387755102,"type":0},{"id":3,"sLen":308,"time":134005.102040817,"type":0},{"id":2,"sLen":231,"time":134846.93877551,"type":0},{"id":1,"sLen":0,"time":135153.06122449,"type":0},{"id":3,"sLen":0,"time":135306.12244898,"type":0},{"id":1,"sLen":0,"time":135459.18367347,"type":0},{"id":0,"sLen":0,"time":135612.244897959,"type":0},{"id":1,"sLen":0,"time":135765.306122449,"type":0},{"id":3,"sLen":462,"time":135918.367346939,"type":0},{"id":1,"sLen":308,"time":136454.081632653,"type":0},{"id":0,"sLen":231,"time":136836.734693878,"type":0},{"id":3,"sLen":539,"time":137142.857142857,"type":0},{"id":2,"sLen":231,"time":137908.163265306,"type":0},{"id":1,"sLen":0,"time":138214.285714286,"type":0},{"id":2,"sLen":0,"time":138367.346938776,"type":0},{"id":0,"sLen":462,"time":138443.877551021,"type":0},{"id":1,"sLen":232,"time":139132.653061225,"type":0},{"id":0,"sLen":0,"time":139438.775510204,"type":0},{"id":1,"sLen":539,"time":139591.836734694,"type":0},{"id":2,"sLen":231,"time":140357.142857143,"type":0},{"id":3,"sLen":0,"time":140663.265306123,"type":0},{"id":1,"sLen":385,"time":140816.326530612,"type":0},{"id":3,"sLen":462,"time":141275.510204082,"type":0},{"id":2,"sLen":0,"time":141734.693877551,"type":0},{"id":0,"sLen":154,"time":141811.224489796,"type":0},{"id":0,"sLen":155,"time":142270.408163266,"type":0},{"id":2,"sLen":0,"time":142500,"type":0},{"id":1,"sLen":231,"time":142653.06122449,"type":0},{"id":3,"sLen":0,"time":142959.18367347,"type":0},{"id":2,"sLen":0,"time":143112.244897959,"type":0},{"id":0,"sLen":231,"time":143265.306122449,"type":0},{"id":1,"sLen":0,"time":143571.428571429,"type":0},{"id":3,"sLen":0,"time":143724.489795919,"type":0},{"id":2,"sLen":0,"time":143877.551020408,"type":0},{"id":0,"sLen":0,"time":144030.612244898,"type":0},{"id":2,"sLen":0,"time":144336.734693878,"type":0},{"id":3,"sLen":0,"time":144489.795918368,"type":0},{"id":1,"sLen":154,"time":144719.387755102,"type":0},{"id":2,"sLen":0,"time":144948.979591837,"type":0},{"id":0,"sLen":0,"time":145102.040816327,"type":0},{"id":0,"sLen":0,"time":145255.102040817,"type":0},{"id":3,"sLen":231,"time":145408.163265306,"type":0},{"id":2,"sLen":0,"time":145867.346938776,"type":0},{"id":0,"sLen":0,"time":146020.408163266,"type":0},{"id":1,"sLen":385,"time":146173.469387755,"type":0},{"id":3,"sLen":154,"time":146479.591836735,"type":0},{"id":2,"sLen":231,"time":146632.653061225,"type":0},{"id":0,"sLen":539,"time":146938.775510204,"type":0},{"id":2,"sLen":231,"time":147704.081632653,"type":0},{"id":1,"sLen":0,"time":148010.204081633,"type":0},{"id":0,"sLen":539,"time":148163.265306123,"type":0},{"id":1,"sLen":231,"time":148928.571428572,"type":0},{"id":3,"sLen":0,"time":149234.693877551,"type":0},{"id":2,"sLen":539,"time":149387.755102041,"type":0},{"id":3,"sLen":231,"time":150153.06122449,"type":0},{"id":1,"sLen":0,"time":150459.18367347,"type":0},{"id":0,"sLen":385,"time":150612.244897959,"type":0},{"id":1,"sLen":385,"time":151071.428571429,"type":0},{"id":3,"sLen":462,"time":151530.612244898,"type":0},{"id":1,"sLen":154,"time":151836.734693878,"type":0}],"position":"dad","strumScale":1,"visible":true,"type":0,"characters":["sanford","sanford-alt"],"strumPos":[0,25],"strumLinePos":0.25,"vocalsSuffix":""},{"notes":[{"id":1,"sLen":154,"time":4897.95918367347,"type":0},{"id":3,"sLen":0,"time":5204.08163265306,"type":0},{"id":0,"sLen":154,"time":5357.14285714286,"type":0},{"id":1,"sLen":0,"time":5663.26530612245,"type":0},{"id":3,"sLen":0,"time":5816.32653061224,"type":0},{"id":2,"sLen":0,"time":5969.38775510204,"type":0},{"id":3,"sLen":0,"time":6275.51020408163,"type":0},{"id":1,"sLen":0,"time":6505.10204081633,"type":0},{"id":2,"sLen":0,"time":6581.63265306122,"type":0},{"id":0,"sLen":0,"time":6734.69387755102,"type":0},{"id":2,"sLen":0,"time":6887.75510204082,"type":0},{"id":3,"sLen":0,"time":6964.28571428571,"type":0},{"id":1,"sLen":0,"time":7040.81632653061,"type":0},{"id":0,"sLen":0,"time":7193.87755102041,"type":0},{"id":1,"sLen":154,"time":7346.9387755102,"type":0},{"id":3,"sLen":0,"time":7653.0612244898,"type":0},{"id":2,"sLen":154,"time":7806.12244897959,"type":0},{"id":1,"sLen":0,"time":8112.24489795918,"type":0},{"id":0,"sLen":0,"time":8265.30612244898,"type":0},{"id":2,"sLen":0,"time":8418.36734693878,"type":0},{"id":3,"sLen":0,"time":8724.48979591837,"type":0},{"id":2,"sLen":0,"time":8954.08163265306,"type":0},{"id":0,"sLen":0,"time":9030.61224489796,"type":0},{"id":1,"sLen":0,"time":9183.67346938776,"type":0},{"id":2,"sLen":0,"time":9336.73469387755,"type":0},{"id":0,"sLen":0,"time":9413.26530612245,"type":0},{"id":1,"sLen":0,"time":9489.79591836735,"type":0},{"id":3,"sLen":0,"time":9642.85714285714,"type":0},{"id":1,"sLen":0,"time":14693.8775510204,"type":0},{"id":1,"sLen":0,"time":14846.9387755102,"type":0},{"id":2,"sLen":0,"time":15000,"type":0},{"id":3,"sLen":231,"time":15153.0612244898,"type":0},{"id":2,"sLen":231,"time":15612.2448979592,"type":0},{"id":3,"sLen":231,"time":15918.3673469388,"type":0},{"id":2,"sLen":231.000000000002,"time":16224.4897959184,"type":0},{"id":1,"sLen":232,"time":16530.612244898,"type":0},{"id":2,"sLen":231,"time":16836.7346938775,"type":0},{"id":0,"sLen":231,"time":17142.8571428571,"type":0},{"id":2,"sLen":231,"time":17448.9795918367,"type":0},{"id":3,"sLen":231,"time":17755.1020408163,"type":0},{"id":1,"sLen":231,"time":18061.2244897959,"type":0},{"id":2,"sLen":0,"time":18367.3469387755,"type":0},{"id":0,"sLen":0,"time":18520.4081632653,"type":0},{"id":1,"sLen":0,"time":18596.9387755102,"type":0},{"id":0,"sLen":231,"time":18673.4693877551,"type":0},{"id":3,"sLen":231,"time":18979.5918367347,"type":0},{"id":2,"sLen":231,"time":19285.7142857143,"type":0},{"id":3,"sLen":0,"time":19591.8367346939,"type":0},{"id":1,"sLen":0,"time":19744.8979591837,"type":0},{"id":0,"sLen":0,"time":19897.9591836735,"type":0},{"id":2,"sLen":0,"time":20051.0204081633,"type":0},{"id":1,"sLen":0,"time":20204.0816326531,"type":0},{"id":3,"sLen":0,"time":20357.1428571429,"type":0},{"id":2,"sLen":0,"time":20510.2040816327,"type":0},{"id":1,"sLen":0,"time":20586.7346938775,"type":0},{"id":0,"sLen":0,"time":20663.2653061224,"type":0},{"id":2,"sLen":0,"time":20969.387755102,"type":0},{"id":1,"sLen":0,"time":21122.4489795918,"type":0},{"id":3,"sLen":0,"time":21275.5102040816,"type":0},{"id":2,"sLen":0,"time":21428.5714285714,"type":0},{"id":1,"sLen":0,"time":21505.1020408163,"type":0},{"id":0,"sLen":0,"time":21581.6326530612,"type":0},{"id":1,"sLen":0,"time":21658.1632653061,"type":0},{"id":3,"sLen":0,"time":21734.693877551,"type":0},{"id":2,"sLen":0,"time":21811.2244897959,"type":0},{"id":0,"sLen":0,"time":21887.7551020408,"type":0},{"id":2,"sLen":0,"time":21964.2857142857,"type":0},{"id":3,"sLen":0,"time":22040.8163265306,"type":0},{"id":1,"sLen":0,"time":22193.8775510204,"type":0},{"id":0,"sLen":0,"time":22346.9387755102,"type":0},{"id":2,"sLen":0,"time":22500,"type":0},{"id":1,"sLen":0,"time":22653.0612244898,"type":0},{"id":3,"sLen":0,"time":22806.1224489796,"type":0},{"id":2,"sLen":0,"time":22959.1836734694,"type":0},{"id":1,"sLen":0,"time":23035.7142857143,"type":0},{"id":0,"sLen":0,"time":23112.2448979592,"type":0},{"id":1,"sLen":0,"time":23188.7755102041,"type":0},{"id":2,"sLen":0,"time":23418.3673469388,"type":0},{"id":1,"sLen":0,"time":23571.4285714286,"type":0},{"id":3,"sLen":0,"time":23647.9591836735,"type":0},{"id":2,"sLen":0,"time":23724.4897959184,"type":0},{"id":0,"sLen":0,"time":23801.0204081633,"type":0},{"id":1,"sLen":0,"time":23877.5510204082,"type":0},{"id":3,"sLen":0,"time":23954.0816326531,"type":0},{"id":1,"sLen":0,"time":24030.612244898,"type":0},{"id":2,"sLen":0,"time":24107.1428571428,"type":0},{"id":0,"sLen":0,"time":24183.6734693877,"type":0},{"id":2,"sLen":0,"time":24260.2040816326,"type":0},{"id":1,"sLen":0,"time":24336.7346938775,"type":0},{"id":3,"sLen":0,"time":24413.2653061224,"type":0},{"id":0,"sLen":0,"time":24489.7959183673,"type":0},{"id":1,"sLen":0,"time":24642.8571428571,"type":0},{"id":0,"sLen":0,"time":24795.9183673469,"type":0},{"id":1,"sLen":0,"time":24948.9795918367,"type":0},{"id":2,"sLen":0,"time":25255.1020408163,"type":0},{"id":1,"sLen":0,"time":25408.1632653061,"type":0},{"id":3,"sLen":0,"time":25561.2244897959,"type":0},{"id":0,"sLen":0,"time":25714.2857142857,"type":0},{"id":0,"sLen":0,"time":25867.3469387755,"type":0},{"id":1,"sLen":0,"time":26020.4081632653,"type":0},{"id":2,"sLen":231,"time":26173.4693877551,"type":0},{"id":0,"sLen":0,"time":26479.5918367347,"type":0},{"id":1,"sLen":0,"time":26632.6530612245,"type":0},{"id":1,"sLen":0,"time":26785.7142857143,"type":0},{"id":3,"sLen":0,"time":26938.7755102041,"type":0},{"id":2,"sLen":0,"time":27091.8367346939,"type":0},{"id":0,"sLen":0,"time":27244.8979591837,"type":0},{"id":2,"sLen":0,"time":27397.9591836735,"type":0},{"id":3,"sLen":0,"time":27397.9591836735,"type":0},{"id":0,"sLen":0,"time":27704.081632653,"type":0},{"id":1,"sLen":0,"time":27857.1428571428,"type":0},{"id":3,"sLen":0,"time":27857.1428571428,"type":0},{"id":0,"sLen":0,"time":28010.2040816326,"type":0},{"id":1,"sLen":0,"time":28010.2040816326,"type":0},{"id":2,"sLen":0,"time":28163.2653061224,"type":0},{"id":0,"sLen":0,"time":28239.7959183673,"type":0},{"id":3,"sLen":0,"time":28316.3265306122,"type":0},{"id":1,"sLen":0,"time":28469.387755102,"type":0},{"id":0,"sLen":0,"time":28622.4489795918,"type":0},{"id":3,"sLen":0,"time":28698.9795918367,"type":0},{"id":1,"sLen":0,"time":28928.5714285714,"type":0},{"id":3,"sLen":0,"time":29081.6326530612,"type":0},{"id":1,"sLen":0,"time":29158.1632653061,"type":0},{"id":3,"sLen":0,"time":29234.693877551,"type":0},{"id":1,"sLen":0,"time":29311.2244897959,"type":0},{"id":0,"sLen":231,"time":29387.7551020408,"type":0},{"id":1,"sLen":231,"time":29693.8775510204,"type":0},{"id":2,"sLen":231.000000000004,"time":30306.1224489796,"type":0},{"id":1,"sLen":231.000000000004,"time":30612.2448979592,"type":0},{"id":2,"sLen":231,"time":31224.4897959183,"type":0},{"id":0,"sLen":231,"time":31530.6122448979,"type":0},{"id":2,"sLen":231,"time":32142.8571428571,"type":0},{"id":1,"sLen":231,"time":32448.9795918367,"type":0},{"id":2,"sLen":231,"time":33061.2244897959,"type":0},{"id":1,"sLen":231,"time":33367.3469387755,"type":0},{"id":3,"sLen":231,"time":33673.4693877551,"type":0},{"id":2,"sLen":231,"time":33979.5918367347,"type":0},{"id":1,"sLen":231,"time":34285.7142857143,"type":0},{"id":0,"sLen":231,"time":34591.8367346939,"type":0},{"id":2,"sLen":0,"time":35051.0204081632,"type":0},{"id":3,"sLen":0,"time":35127.5510204081,"type":0},{"id":1,"sLen":231,"time":35204.081632653,"type":0},{"id":0,"sLen":231,"time":35510.2040816326,"type":0},{"id":2,"sLen":0,"time":35969.387755102,"type":0},{"id":1,"sLen":231,"time":36122.4489795918,"type":0},{"id":3,"sLen":231,"time":36428.5714285714,"type":0},{"id":0,"sLen":231,"time":37040.8163265306,"type":0},{"id":2,"sLen":231,"time":37346.9387755102,"type":0},{"id":3,"sLen":231,"time":37653.0612244898,"type":0},{"id":1,"sLen":231,"time":37959.1836734694,"type":0},{"id":2,"sLen":0,"time":37959.1836734694,"type":0},{"id":0,"sLen":231,"time":38265.306122449,"type":0},{"id":3,"sLen":231,"time":38571.4285714285,"type":0},{"id":2,"sLen":231,"time":38877.5510204081,"type":0},{"id":1,"sLen":0,"time":39183.6734693877,"type":0},{"id":3,"sLen":0,"time":39260.2040816326,"type":0},{"id":1,"sLen":0,"time":39336.7346938775,"type":0},{"id":2,"sLen":0,"time":39413.2653061224,"type":0},{"id":0,"sLen":0,"time":39489.7959183673,"type":0},{"id":1,"sLen":0,"time":39566.3265306122,"type":0},{"id":3,"sLen":0,"time":39642.8571428571,"type":0},{"id":2,"sLen":231,"time":39795.9183673469,"type":0},{"id":1,"sLen":231,"time":40102.0408163265,"type":0},{"id":0,"sLen":231,"time":40408.1632653061,"type":0},{"id":3,"sLen":0,"time":40714.2857142857,"type":0},{"id":1,"sLen":231,"time":40867.3469387755,"type":0},{"id":2,"sLen":0,"time":41173.4693877551,"type":0},{"id":0,"sLen":0,"time":41250,"type":0},{"id":3,"sLen":231,"time":41326.5306122449,"type":0},{"id":1,"sLen":0,"time":41632.6530612245,"type":0},{"id":0,"sLen":0,"time":41709.1836734693,"type":0},{"id":2,"sLen":0,"time":41785.7142857142,"type":0},{"id":1,"sLen":0,"time":41862.2448979591,"type":0},{"id":3,"sLen":0,"time":41938.775510204,"type":0},{"id":2,"sLen":0,"time":42015.3061224489,"type":0},{"id":0,"sLen":0,"time":42091.8367346938,"type":0},{"id":2,"sLen":231.000000000029,"time":42244.8979591836,"type":0},{"id":1,"sLen":231,"time":42551.0204081632,"type":0},{"id":3,"sLen":233,"time":42857.1428571428,"type":0},{"id":2,"sLen":0,"time":43163.2653061224,"type":0},{"id":1,"sLen":231,"time":43316.3265306122,"type":0},{"id":0,"sLen":0,"time":43622.4489795918,"type":0},{"id":2,"sLen":0,"time":43698.9795918367,"type":0},{"id":1,"sLen":231.999999999993,"time":43775.5102040816,"type":0},{"id":3,"sLen":0,"time":44081.6326530612,"type":0},{"id":1,"sLen":0,"time":44158.1632653061,"type":0},{"id":0,"sLen":0,"time":44234.693877551,"type":0},{"id":1,"sLen":0,"time":44311.2244897959,"type":0},{"id":3,"sLen":0,"time":44387.7551020408,"type":0},{"id":2,"sLen":0,"time":44464.2857142857,"type":0},{"id":0,"sLen":0,"time":44540.8163265306,"type":0},{"id":2,"sLen":230.999999999956,"time":44693.8775510204,"type":0},{"id":1,"sLen":230.999999999956,"time":45000,"type":0},{"id":3,"sLen":231,"time":45306.1224489795,"type":0},{"id":2,"sLen":0,"time":45612.2448979591,"type":0},{"id":0,"sLen":231,"time":45765.3061224489,"type":0},{"id":1,"sLen":0,"time":46071.4285714285,"type":0},{"id":3,"sLen":0,"time":46147.9591836734,"type":0},{"id":2,"sLen":231,"time":46224.4897959183,"type":0},{"id":0,"sLen":0,"time":46530.6122448979,"type":0},{"id":3,"sLen":0,"time":46607.1428571428,"type":0},{"id":1,"sLen":0,"time":46683.6734693877,"type":0},{"id":2,"sLen":0,"time":46760.2040816326,"type":0},{"id":0,"sLen":0,"time":46836.7346938775,"type":0},{"id":2,"sLen":0,"time":46913.2653061224,"type":0},{"id":1,"sLen":0,"time":46989.7959183673,"type":0},{"id":3,"sLen":231,"time":47142.8571428571,"type":0},{"id":1,"sLen":231,"time":47448.9795918367,"type":0},{"id":2,"sLen":231,"time":47755.1020408163,"type":0},{"id":0,"sLen":0,"time":48061.2244897959,"type":0},{"id":1,"sLen":231,"time":48214.2857142857,"type":0},{"id":2,"sLen":0,"time":48520.4081632653,"type":0},{"id":0,"sLen":0,"time":48596.9387755102,"type":0},{"id":1,"sLen":231,"time":48673.4693877551,"type":0},{"id":0,"sLen":0,"time":53877.5510204081,"type":0},{"id":1,"sLen":0,"time":54030.6122448979,"type":0},{"id":3,"sLen":0,"time":54183.6734693877,"type":0},{"id":2,"sLen":0,"time":54413.2653061224,"type":0},{"id":0,"sLen":0,"time":54642.8571428571,"type":0},{"id":2,"sLen":0,"time":54795.9183673469,"type":0},{"id":3,"sLen":0,"time":55102.0408163265,"type":0},{"id":1,"sLen":0,"time":55255.1020408163,"type":0},{"id":0,"sLen":0,"time":55408.1632653061,"type":0},{"id":2,"sLen":0,"time":55637.7551020408,"type":0},{"id":1,"sLen":0,"time":55867.3469387755,"type":0},{"id":3,"sLen":0,"time":56020.4081632652,"type":0},{"id":2,"sLen":0,"time":56173.469387755,"type":0},{"id":0,"sLen":0,"time":56326.5306122448,"type":0},{"id":1,"sLen":0,"time":56479.5918367346,"type":0},{"id":3,"sLen":0,"time":56632.6530612244,"type":0},{"id":2,"sLen":0,"time":56862.2448979591,"type":0},{"id":1,"sLen":0,"time":57091.8367346938,"type":0},{"id":1,"sLen":0,"time":57321.4285714285,"type":0},{"id":0,"sLen":0,"time":57551.0204081632,"type":0},{"id":2,"sLen":0,"time":57704.081632653,"type":0},{"id":1,"sLen":0,"time":57780.6122448979,"type":0},{"id":3,"sLen":0,"time":57857.1428571428,"type":0},{"id":2,"sLen":0,"time":58010.2040816326,"type":0},{"id":1,"sLen":0,"time":58086.7346938775,"type":0},{"id":0,"sLen":0,"time":58163.2653061224,"type":0},{"id":3,"sLen":0,"time":58316.3265306122,"type":0},{"id":1,"sLen":0,"time":58392.8571428571,"type":0},{"id":0,"sLen":0,"time":58469.387755102,"type":0},{"id":1,"sLen":0,"time":58545.9183673469,"type":0},{"id":3,"sLen":77,"time":58622.4489795918,"type":0},{"id":3,"sLen":0,"time":63673.469387755,"type":0},{"id":1,"sLen":0,"time":63826.5306122448,"type":0},{"id":0,"sLen":0,"time":63979.5918367346,"type":0},{"id":2,"sLen":0,"time":64209.1836734693,"type":0},{"id":3,"sLen":0,"time":64209.1836734693,"type":0},{"id":1,"sLen":0,"time":64438.775510204,"type":0},{"id":0,"sLen":0,"time":64591.8367346938,"type":0},{"id":0,"sLen":0,"time":64897.9591836734,"type":0},{"id":2,"sLen":0,"time":65051.0204081632,"type":0},{"id":3,"sLen":0,"time":65204.081632653,"type":0},{"id":1,"sLen":0,"time":65433.6734693877,"type":0},{"id":0,"sLen":0,"time":65663.2653061224,"type":0},{"id":1,"sLen":0,"time":65816.3265306122,"type":0},{"id":3,"sLen":0,"time":65969.387755102,"type":0},{"id":2,"sLen":0,"time":66122.4489795918,"type":0},{"id":1,"sLen":0,"time":66198.9795918367,"type":0},{"id":0,"sLen":0,"time":66275.5102040816,"type":0},{"id":2,"sLen":0,"time":66352.0408163265,"type":0},{"id":1,"sLen":0,"time":66581.6326530612,"type":0},{"id":3,"sLen":0,"time":66811.2244897958,"type":0},{"id":2,"sLen":0,"time":67040.8163265305,"type":0},{"id":0,"sLen":0,"time":67193.8775510203,"type":0},{"id":1,"sLen":154,"time":67346.9387755101,"type":0},{"id":2,"sLen":154,"time":67346.9387755101,"type":0},{"id":2,"sLen":154,"time":67653.0612244897,"type":0},{"id":3,"sLen":231,"time":67653.0612244897,"type":0},{"id":3,"sLen":0,"time":73469.387755102,"type":0},{"id":1,"sLen":0,"time":73622.4489795918,"type":0},{"id":0,"sLen":0,"time":73775.5102040816,"type":0},{"id":1,"sLen":0,"time":73928.5714285714,"type":0},{"id":3,"sLen":0,"time":74234.693877551,"type":0},{"id":2,"sLen":0,"time":74311.2244897959,"type":0},{"id":1,"sLen":77,"time":74387.7551020408,"type":0},{"id":0,"sLen":77,"time":74540.8163265306,"type":0},{"id":1,"sLen":0,"time":74846.9387755102,"type":0},{"id":3,"sLen":0,"time":74923.4693877551,"type":0},{"id":2,"sLen":0,"time":75000,"type":0},{"id":0,"sLen":0,"time":75076.5306122449,"type":0},{"id":2,"sLen":231,"time":75153.0612244898,"type":0},{"id":3,"sLen":0,"time":75459.1836734693,"type":0},{"id":1,"sLen":77,"time":75612.2448979591,"type":0},{"id":3,"sLen":77,"time":75765.3061224489,"type":0},{"id":0,"sLen":0,"time":75918.3673469387,"type":0},{"id":1,"sLen":0,"time":76071.4285714285,"type":0},{"id":2,"sLen":0,"time":76224.4897959183,"type":0},{"id":3,"sLen":0,"time":76224.4897959183,"type":0},{"id":1,"sLen":0,"time":76377.5510204081,"type":0},{"id":3,"sLen":0,"time":76377.5510204081,"type":0},{"id":0,"sLen":0,"time":76683.6734693877,"type":0},{"id":2,"sLen":0,"time":76836.7346938775,"type":0},{"id":3,"sLen":0,"time":76989.7959183673,"type":0},{"id":1,"sLen":0,"time":77295.9183673469,"type":0},{"id":2,"sLen":231,"time":77602.0408163265,"type":0},{"id":1,"sLen":0,"time":77908.1632653061,"type":0},{"id":3,"sLen":0,"time":78061.2244897959,"type":0},{"id":2,"sLen":0,"time":78214.2857142857,"type":0},{"id":0,"sLen":1155,"time":78367.3469387755,"type":0},{"id":1,"sLen":1155,"time":79591.8367346939,"type":0},{"id":2,"sLen":0,"time":80816.3265306122,"type":0},{"id":1,"sLen":0,"time":80969.387755102,"type":0},{"id":0,"sLen":0,"time":81122.4489795918,"type":0},{"id":2,"sLen":231.999999999913,"time":81275.5102040816,"type":0},{"id":1,"sLen":0,"time":81581.6326530612,"type":0},{"id":3,"sLen":0,"time":81734.693877551,"type":0},{"id":2,"sLen":0,"time":81887.7551020408,"type":0},{"id":0,"sLen":0,"time":82040.8163265306,"type":0},{"id":2,"sLen":0,"time":82193.8775510204,"type":0},{"id":1,"sLen":0,"time":82346.9387755102,"type":0},{"id":3,"sLen":0,"time":82500,"type":0},{"id":2,"sLen":0,"time":82653.0612244898,"type":0},{"id":0,"sLen":0,"time":82806.1224489796,"type":0},{"id":1,"sLen":0,"time":82959.1836734694,"type":0},{"id":3,"sLen":0,"time":83112.2448979592,"type":0},{"id":1,"sLen":1155,"time":83265.306122449,"type":0},{"id":0,"sLen":1155,"time":84489.7959183674,"type":0},{"id":1,"sLen":77.0000000000873,"time":85714.2857142857,"type":0},{"id":3,"sLen":0,"time":85867.3469387755,"type":0},{"id":2,"sLen":0,"time":85943.8775510204,"type":0},{"id":0,"sLen":77,"time":86020.4081632653,"type":0},{"id":1,"sLen":77,"time":86173.4693877551,"type":0},{"id":2,"sLen":0,"time":86326.5306122449,"type":0},{"id":3,"sLen":0,"time":86403.0612244898,"type":0},{"id":2,"sLen":77,"time":86479.5918367347,"type":0},{"id":1,"sLen":77,"time":86632.6530612245,"type":0},{"id":0,"sLen":0,"time":86785.7142857143,"type":0},{"id":1,"sLen":0,"time":86938.7755102041,"type":0},{"id":3,"sLen":0,"time":87091.8367346939,"type":0},{"id":2,"sLen":0,"time":87168.3673469388,"type":0},{"id":0,"sLen":77,"time":87244.8979591837,"type":0},{"id":2,"sLen":0,"time":87397.9591836735,"type":0},{"id":1,"sLen":0,"time":87474.4897959184,"type":0},{"id":3,"sLen":77.0000000000146,"time":87551.0204081633,"type":0},{"id":0,"sLen":0,"time":87704.0816326531,"type":0},{"id":2,"sLen":0,"time":87780.612244898,"type":0},{"id":1,"sLen":0,"time":87857.1428571429,"type":0},{"id":3,"sLen":0,"time":87933.6734693878,"type":0},{"id":2,"sLen":0,"time":88010.2040816327,"type":0},{"id":0,"sLen":0,"time":88086.7346938776,"type":0},{"id":1,"sLen":847.000000000015,"time":88163.2653061225,"type":0},{"id":1,"sLen":0,"time":97959.1836734695,"type":0},{"id":1,"sLen":0,"time":98112.2448979592,"type":0},{"id":0,"sLen":0,"time":98265.306122449,"type":0},{"id":3,"sLen":232.999999999985,"time":98418.3673469388,"type":0},{"id":2,"sLen":0,"time":98724.4897959184,"type":0},{"id":0,"sLen":77,"time":98877.5510204082,"type":0},{"id":1,"sLen":77,"time":99030.612244898,"type":0},{"id":0,"sLen":231,"time":99183.6734693878,"type":0},{"id":2,"sLen":0,"time":99489.7959183674,"type":0},{"id":1,"sLen":231,"time":99642.8571428572,"type":0},{"id":2,"sLen":0,"time":99948.9795918368,"type":0},{"id":3,"sLen":231,"time":100102.040816327,"type":0},{"id":0,"sLen":77.0000000000146,"time":100255.102040816,"type":0},{"id":2,"sLen":0,"time":100408.163265306,"type":0},{"id":1,"sLen":0,"time":100561.224489796,"type":0},{"id":3,"sLen":0,"time":100714.285714286,"type":0},{"id":1,"sLen":231.000000000029,"time":100867.346938776,"type":0},{"id":0,"sLen":0,"time":101173.469387755,"type":0},{"id":2,"sLen":0,"time":101326.530612245,"type":0},{"id":3,"sLen":0,"time":101479.591836735,"type":0},{"id":2,"sLen":230.999999999985,"time":101632.653061225,"type":0},{"id":0,"sLen":0,"time":101938.775510204,"type":0},{"id":1,"sLen":0,"time":102091.836734694,"type":0},{"id":3,"sLen":0,"time":102244.897959184,"type":0},{"id":1,"sLen":0,"time":102397.959183674,"type":0},{"id":2,"sLen":0,"time":102551.020408163,"type":0},{"id":0,"sLen":0,"time":102704.081632653,"type":0},{"id":1,"sLen":0,"time":102857.142857143,"type":0},{"id":3,"sLen":0,"time":103010.204081633,"type":0},{"id":1,"sLen":538.999999999985,"time":103163.265306123,"type":0},{"id":0,"sLen":0,"time":107755.102040816,"type":0},{"id":1,"sLen":0,"time":107755.102040816,"type":0},{"id":3,"sLen":0,"time":107984.693877551,"type":0},{"id":2,"sLen":0,"time":108214.285714286,"type":0},{"id":1,"sLen":0,"time":108443.877551021,"type":0},{"id":0,"sLen":0,"time":108673.469387755,"type":0},{"id":2,"sLen":0,"time":108826.530612245,"type":0},{"id":3,"sLen":0,"time":108979.591836735,"type":0},{"id":2,"sLen":0,"time":109209.183673469,"type":0},{"id":0,"sLen":0,"time":109438.775510204,"type":0},{"id":1,"sLen":0,"time":109668.367346939,"type":0},{"id":3,"sLen":0,"time":109897.959183674,"type":0},{"id":2,"sLen":0,"time":110051.020408163,"type":0},{"id":0,"sLen":0,"time":110127.551020408,"type":0},{"id":1,"sLen":0,"time":110204.081632653,"type":0},{"id":3,"sLen":0,"time":110357.142857143,"type":0},{"id":2,"sLen":0,"time":110433.673469388,"type":0},{"id":0,"sLen":0,"time":110663.265306123,"type":0},{"id":1,"sLen":0,"time":110892.857142857,"type":0},{"id":2,"sLen":0,"time":111122.448979592,"type":0},{"id":0,"sLen":0,"time":111275.510204082,"type":0},{"id":3,"sLen":0,"time":111352.040816327,"type":0},{"id":1,"sLen":0,"time":111428.571428572,"type":0},{"id":1,"sLen":0,"time":111734.693877551,"type":0},{"id":1,"sLen":0,"time":112040.816326531,"type":0},{"id":1,"sLen":0,"time":112346.93877551,"type":0},{"id":1,"sLen":385,"time":116326.530612245,"type":0},{"id":3,"sLen":385,"time":116785.714285714,"type":0},{"id":0,"sLen":231,"time":117244.897959184,"type":0},{"id":1,"sLen":233.000000000015,"time":117704.081632653,"type":0},{"id":3,"sLen":77,"time":118010.204081633,"type":0},{"id":2,"sLen":0,"time":118163.265306123,"type":0},{"id":0,"sLen":0,"time":118316.326530612,"type":0},{"id":1,"sLen":0,"time":118469.387755102,"type":0},{"id":3,"sLen":0,"time":118622.448979592,"type":0},{"id":1,"sLen":385,"time":118775.510204082,"type":0},{"id":2,"sLen":0,"time":118775.510204082,"type":0},{"id":0,"sLen":615.999999999985,"time":119234.693877551,"type":0},{"id":2,"sLen":77,"time":119770.408163265,"type":0},{"id":1,"sLen":233,"time":120153.06122449,"type":0},{"id":3,"sLen":0,"time":120459.18367347,"type":0},{"id":2,"sLen":0,"time":120612.244897959,"type":0},{"id":0,"sLen":0,"time":120765.306122449,"type":0},{"id":2,"sLen":0,"time":120918.367346939,"type":0},{"id":3,"sLen":0,"time":121071.428571429,"type":0},{"id":1,"sLen":385,"time":121224.489795919,"type":0},{"id":3,"sLen":385,"time":121683.673469388,"type":0},{"id":0,"sLen":231,"time":122142.857142857,"type":0},{"id":1,"sLen":308.000000000015,"time":122448.979591837,"type":0},{"id":2,"sLen":462,"time":122448.979591837,"type":0},{"id":0,"sLen":232,"time":123214.285714286,"type":0},{"id":1,"sLen":0,"time":123520.408163265,"type":0},{"id":3,"sLen":461.999999999971,"time":123673.469387755,"type":0},{"id":1,"sLen":231,"time":124438.775510204,"type":0},{"id":0,"sLen":0,"time":124744.897959184,"type":0},{"id":1,"sLen":540,"time":124897.959183674,"type":0},{"id":3,"sLen":231,"time":125663.265306123,"type":0},{"id":2,"sLen":0,"time":125969.387755102,"type":0},{"id":0,"sLen":0,"time":126122.448979592,"type":0},{"id":1,"sLen":0,"time":126275.510204082,"type":0},{"id":1,"sLen":0,"time":126428.571428572,"type":0},{"id":2,"sLen":385,"time":126581.632653061,"type":0},{"id":0,"sLen":230.999999999942,"time":127040.816326531,"type":0},{"id":3,"sLen":538.999999999985,"time":127346.93877551,"type":0},{"id":1,"sLen":231,"time":128112.244897959,"type":0},{"id":2,"sLen":0,"time":128418.367346939,"type":0},{"id":1,"sLen":539,"time":128571.428571429,"type":0},{"id":3,"sLen":231,"time":129336.734693878,"type":0},{"id":2,"sLen":0,"time":129642.857142857,"type":0},{"id":0,"sLen":539,"time":129795.918367347,"type":0},{"id":1,"sLen":231.000000000015,"time":130561.224489796,"type":0},{"id":3,"sLen":0,"time":130867.346938776,"type":0},{"id":2,"sLen":385,"time":131020.408163266,"type":0},{"id":0,"sLen":385,"time":131479.591836735,"type":0},{"id":2,"sLen":154,"time":132244.897959184,"type":0},{"id":3,"sLen":464,"time":132321.428571429,"type":0},{"id":0,"sLen":231,"time":133010.204081633,"type":0},{"id":3,"sLen":0,"time":133316.326530612,"type":0},{"id":1,"sLen":695,"time":133469.387755102,"type":0},{"id":2,"sLen":0,"time":134387.755102041,"type":0},{"id":2,"sLen":0,"time":134540.816326531,"type":0},{"id":1,"sLen":693,"time":134693.877551021,"type":0},{"id":3,"sLen":231,"time":135459.18367347,"type":0},{"id":2,"sLen":0,"time":135765.306122449,"type":0},{"id":3,"sLen":462,"time":135918.367346939,"type":0},{"id":2,"sLen":309,"time":136454.081632653,"type":0},{"id":1,"sLen":231,"time":136836.734693878,"type":0},{"id":0,"sLen":233,"time":137295.918367347,"type":0},{"id":1,"sLen":0,"time":137602.040816327,"type":0},{"id":3,"sLen":0,"time":137755.102040817,"type":0},{"id":1,"sLen":0,"time":137908.163265306,"type":0},{"id":2,"sLen":0,"time":138061.224489796,"type":0},{"id":0,"sLen":0,"time":138214.285714286,"type":0},{"id":3,"sLen":385,"time":138367.346938776,"type":0},{"id":1,"sLen":309,"time":138826.530612245,"type":0},{"id":0,"sLen":231,"time":139285.714285715,"type":0},{"id":3,"sLen":233,"time":139744.897959184,"type":0},{"id":2,"sLen":0,"time":140051.020408163,"type":0},{"id":0,"sLen":0,"time":140204.081632653,"type":0},{"id":1,"sLen":0,"time":140357.142857143,"type":0},{"id":3,"sLen":0,"time":140510.204081633,"type":0},{"id":0,"sLen":0,"time":140663.265306123,"type":0},{"id":2,"sLen":385,"time":140816.326530612,"type":0},{"id":0,"sLen":385,"time":141275.510204082,"type":0},{"id":3,"sLen":231,"time":141734.693877551,"type":0},{"id":1,"sLen":770,"time":142040.816326531,"type":0},{"id":0,"sLen":462,"time":142959.18367347,"type":0},{"id":3,"sLen":308,"time":143494.897959184,"type":0},{"id":1,"sLen":0,"time":143877.551020408,"type":0},{"id":3,"sLen":0,"time":144030.612244898,"type":0},{"id":2,"sLen":0,"time":144183.673469388,"type":0},{"id":0,"sLen":0,"time":144336.734693878,"type":0},{"id":2,"sLen":847,"time":144489.795918368,"type":0},{"id":1,"sLen":385,"time":145408.163265306,"type":0},{"id":2,"sLen":0,"time":145867.346938776,"type":0},{"id":3,"sLen":0,"time":146020.408163266,"type":0},{"id":1,"sLen":385,"time":146173.469387755,"type":0},{"id":0,"sLen":231,"time":146632.653061225,"type":0},{"id":2,"sLen":539,"time":146938.775510204,"type":0},{"id":3,"sLen":231,"time":147704.081632653,"type":0},{"id":1,"sLen":0,"time":148010.204081633,"type":0},{"id":0,"sLen":539,"time":148163.265306123,"type":0},{"id":3,"sLen":231,"time":148928.571428572,"type":0},{"id":2,"sLen":0,"time":149234.693877551,"type":0},{"id":1,"sLen":539,"time":149387.755102041,"type":0},{"id":0,"sLen":231,"time":150153.06122449,"type":0},{"id":2,"sLen":0,"time":150459.18367347,"type":0},{"id":3,"sLen":385,"time":150612.244897959,"type":0},{"id":1,"sLen":385,"time":151071.428571429,"type":0},{"id":0,"sLen":462,"time":151530.612244898,"type":0},{"id":1,"sLen":154,"time":151836.734693878,"type":0}],"position":"boyfriend","strumScale":1,"visible":true,"type":1,"characters":["bf"],"strumPos":[0,25],"strumLinePos":0.75,"vocalsSuffix":""},{"notes":[],"position":"girlfriend","strumScale":1,"visible":false,"type":2,"characters":["deimos-marshmallow"],"strumPos":[0,50],"strumLinePos":0.25,"vocalsSuffix":""}],"codenameChart":true,"stage":"sanford","noteTypes":["No Anim Note"]}