﻿{"ATLAS": {"SPRITES":[ 
{"SPRITE" : {"name": "0000","x":0,"y":258,"w":537,"h":238,"rotated": false}},
{"SPRITE" : {"name": "0001","x":576,"y":0,"w":182,"h":170,"rotated": false}},
{"SPRITE" : {"name": "0002","x":523,"y":499,"w":444,"h":227,"rotated": false}},
{"SPRITE" : {"name": "0003","x":776,"y":204,"w":149,"h":162,"rotated": false}},
{"SPRITE" : {"name": "0004","x":0,"y":0,"w":573,"h":255,"rotated": false}},
{"SPRITE" : {"name": "0005","x":540,"y":258,"w":233,"h":180,"rotated": false}},
{"SPRITE" : {"name": "0006","x":761,"y":0,"w":151,"h":201,"rotated": false}},
{"SPRITE" : {"name": "0007","x":0,"y":499,"w":520,"h":229,"rotated": false}}
]},
"meta": {
"app": "Adobe Animate",
"version": "23.0.0.407",
"image": "spritemap1.png",
"format": "RGBA8888",
"size": {"w":967,"h":728},
"resolution": "1"
}
}
