﻿{"ATLAS": {"SPRITES":[ 
{"SPRITE" : {"name": "0000","x":560,"y":323,"w":374,"h":304,"rotated": false}},
{"SPRITE" : {"name": "0001","x":3084,"y":333,"w":332,"h":288,"rotated": false}},
{"SPRITE" : {"name": "0002","x":1985,"y":393,"w":356,"h":290,"rotated": false}},
{"SPRITE" : {"name": "0003","x":3916,"y":421,"w":150,"h":208,"rotated": false}},
{"SPRITE" : {"name": "0004","x":2200,"y":0,"w":321,"h":390,"rotated": false}},
{"SPRITE" : {"name": "0005","x":1457,"y":877,"w":198,"h":132,"rotated": false}},
{"SPRITE" : {"name": "0006","x":2633,"y":658,"w":79,"h":69,"rotated": false}},
{"SPRITE" : {"name": "0007","x":4001,"y":357,"w":90,"h":42,"rotated": false}},
{"SPRITE" : {"name": "0008","x":293,"y":537,"w":138,"h":63,"rotated": false}},
{"SPRITE" : {"name": "0009","x":281,"y":1061,"w":271,"h":267,"rotated": false}},
{"SPRITE" : {"name": "0010","x":1975,"y":1148,"w":287,"h":206,"rotated": false}},
{"SPRITE" : {"name": "0011","x":1119,"y":642,"w":279,"h":204,"rotated": false}},
{"SPRITE" : {"name": "0012","x":1446,"y":1154,"w":282,"h":204,"rotated": false}},
{"SPRITE" : {"name": "0013","x":3769,"y":1104,"w":304,"h":205,"rotated": false}},
{"SPRITE" : {"name": "0014","x":3460,"y":1104,"w":306,"h":206,"rotated": false}},
{"SPRITE" : {"name": "0015","x":2395,"y":1190,"w":128,"h":125,"rotated": false}},
{"SPRITE" : {"name": "0016","x":3192,"y":1102,"w":265,"h":254,"rotated": false}},
{"SPRITE" : {"name": "0017","x":1457,"y":1012,"w":152,"h":134,"rotated": false}},
{"SPRITE" : {"name": "0018","x":2800,"y":1177,"w":185,"h":107,"rotated": false}},
{"SPRITE" : {"name": "0019","x":556,"y":0,"w":540,"h":320,"rotated": false}},
{"SPRITE" : {"name": "0020","x":0,"y":0,"w":553,"h":326,"rotated": false}},
{"SPRITE" : {"name": "0021","x":3441,"y":212,"w":557,"h":206,"rotated": false}},
{"SPRITE" : {"name": "0022","x":1425,"y":353,"w":557,"h":204,"rotated": false}},
{"SPRITE" : {"name": "0023","x":0,"y":329,"w":557,"h":205,"rotated": false}},
{"SPRITE" : {"name": "0024","x":2524,"y":215,"w":557,"h":206,"rotated": false}},
{"SPRITE" : {"name": "0025","x":3441,"y":0,"w":557,"h":209,"rotated": false}},
{"SPRITE" : {"name": "0026","x":2524,"y":0,"w":557,"h":212,"rotated": false}},
{"SPRITE" : {"name": "0027","x":3904,"y":632,"w":147,"h":194,"rotated": false}},
{"SPRITE" : {"name": "0028","x":0,"y":1139,"w":243,"h":249,"rotated": false}},
{"SPRITE" : {"name": "0029","x":1045,"y":323,"w":25,"h":7,"rotated": false}},
{"SPRITE" : {"name": "0030","x":1425,"y":0,"w":400,"h":330,"rotated": false}},
{"SPRITE" : {"name": "0031","x":1045,"y":333,"w":25,"h":7,"rotated": false}},
{"SPRITE" : {"name": "0032","x":1425,"y":333,"w":25,"h":7,"rotated": false}},
{"SPRITE" : {"name": "0033","x":1453,"y":333,"w":25,"h":7,"rotated": false}},
{"SPRITE" : {"name": "0034","x":1481,"y":333,"w":25,"h":7,"rotated": false}},
{"SPRITE" : {"name": "0035","x":2265,"y":1148,"w":127,"h":158,"rotated": false}},
{"SPRITE" : {"name": "0036","x":3084,"y":0,"w":354,"h":330,"rotated": false}},
{"SPRITE" : {"name": "0037","x":1691,"y":876,"w":281,"h":275,"rotated": false}},
{"SPRITE" : {"name": "0038","x":3419,"y":614,"w":465,"h":192,"rotated": false}},
{"SPRITE" : {"name": "0039","x":3419,"y":421,"w":494,"h":190,"rotated": false}},
{"SPRITE" : {"name": "0040","x":937,"y":438,"w":461,"h":201,"rotated": false}},
{"SPRITE" : {"name": "0041","x":1075,"y":877,"w":379,"h":218,"rotated": false}},
{"SPRITE" : {"name": "0042","x":678,"y":871,"w":394,"h":211,"rotated": false}},
{"SPRITE" : {"name": "0043","x":724,"y":642,"w":392,"h":226,"rotated": false}},
{"SPRITE" : {"name": "0044","x":2633,"y":759,"w":384,"h":222,"rotated": false}},
{"SPRITE" : {"name": "0045","x":4001,"y":268,"w":84,"h":86,"rotated": false}},
{"SPRITE" : {"name": "0046","x":4001,"y":181,"w":86,"h":84,"rotated": false}},
{"SPRITE" : {"name": "0047","x":4001,"y":90,"w":84,"h":88,"rotated": false}},
{"SPRITE" : {"name": "0048","x":4001,"y":0,"w":95,"h":87,"rotated": false}},
{"SPRITE" : {"name": "0049","x":434,"y":537,"w":97,"h":87,"rotated": false}},
{"SPRITE" : {"name": "0050","x":3318,"y":624,"w":77,"h":87,"rotated": false}},
{"SPRITE" : {"name": "0051","x":2636,"y":1190,"w":102,"h":120,"rotated": false}},
{"SPRITE" : {"name": "0052","x":937,"y":323,"w":105,"h":111,"rotated": false}},
{"SPRITE" : {"name": "0053","x":555,"y":1239,"w":102,"h":119,"rotated": false}},
{"SPRITE" : {"name": "0054","x":660,"y":1239,"w":103,"h":111,"rotated": false}},
{"SPRITE" : {"name": "0055","x":2526,"y":1190,"w":107,"h":121,"rotated": false}},
{"SPRITE" : {"name": "0056","x":3192,"y":929,"w":115,"h":118,"rotated": false}},
{"SPRITE" : {"name": "0057","x":1731,"y":1154,"w":179,"h":143,"rotated": false}},
{"SPRITE" : {"name": "0058","x":2988,"y":1177,"w":163,"h":119,"rotated": false}},
{"SPRITE" : {"name": "0059","x":1024,"y":1098,"w":419,"h":164,"rotated": false}},
{"SPRITE" : {"name": "0060","x":555,"y":1085,"w":466,"h":151,"rotated": false}},
{"SPRITE" : {"name": "0061","x":1975,"y":975,"w":452,"h":170,"rotated": false}},
{"SPRITE" : {"name": "0062","x":293,"y":630,"w":428,"h":207,"rotated": false}},
{"SPRITE" : {"name": "0063","x":2800,"y":984,"w":389,"h":190,"rotated": false}},
{"SPRITE" : {"name": "0064","x":2344,"y":424,"w":404,"h":231,"rotated": false}},
{"SPRITE" : {"name": "0065","x":293,"y":840,"w":382,"h":218,"rotated": false}},
{"SPRITE" : {"name": "0066","x":2430,"y":984,"w":367,"h":203,"rotated": false}},
{"SPRITE" : {"name": "0067","x":1977,"y":686,"w":301,"h":286,"rotated": false}},
{"SPRITE" : {"name": "0068","x":1828,"y":0,"w":369,"h":350,"rotated": false}},
{"SPRITE" : {"name": "0069","x":3904,"y":829,"w":143,"h":182,"rotated": false}},
{"SPRITE" : {"name": "0070","x":0,"y":852,"w":278,"h":284,"rotated": false}},
{"SPRITE" : {"name": "0071","x":2751,"y":424,"w":273,"h":332,"rotated": false}},
{"SPRITE" : {"name": "0072","x":2344,"y":658,"w":286,"h":304,"rotated": false}},
{"SPRITE" : {"name": "0073","x":3318,"y":809,"w":291,"h":290,"rotated": false}},
{"SPRITE" : {"name": "0074","x":3612,"y":809,"w":289,"h":292,"rotated": false}},
{"SPRITE" : {"name": "0075","x":3027,"y":624,"w":288,"h":302,"rotated": false}},
{"SPRITE" : {"name": "0076","x":1691,"y":560,"w":283,"h":313,"rotated": false}},
{"SPRITE" : {"name": "0077","x":0,"y":537,"w":290,"h":312,"rotated": false}},
{"SPRITE" : {"name": "0078","x":1401,"y":560,"w":287,"h":314,"rotated": false}},
{"SPRITE" : {"name": "0079","x":1099,"y":0,"w":323,"h":435,"rotated": false}}
]},
"meta": {
"app": "Adobe Animate",
"version": "23.0.0.407",
"image": "spritemap1.png",
"format": "RGBA8888",
"size": {"w":4096,"h":1388},
"resolution": "1"
}
}
